UMAP_1	UMAP_2
13.4273271560669	-2.18881344795227
13.2886238098145	-2.66689777374268
13.5798892974854	-2.8522412776947
13.4541149139404	-2.67131567001343
12.7468967437744	1.40183889865875
14.2695693969727	-1.37880444526672
14.4907455444336	-1.59293413162231
14.3679704666138	-1.98967933654785
13.5524950027466	-2.79342985153198
14.2775621414185	-2.26930284500122
14.082052230835	-1.44736647605896
13.6531925201416	0.702423572540283
13.2966871261597	0.15549124777317
13.1020565032959	0.0833112373948097
13.628306388855	-2.82790541648865
12.8261051177979	0.784677922725677
13.5448036193848	-2.49170303344727
13.2979211807251	0.731567680835724
13.5484485626221	-0.36296808719635
14.0187730789185	0.630908131599426
13.1244640350342	0.698845148086548
13.2445678710938	0.779332101345062
13.905632019043	-2.50429081916809
13.9632244110107	-0.903341948986053
14.1262378692627	-2.22337818145752
14.0187244415283	-1.01603877544403
13.1592226028442	1.51743817329407
13.6964988708496	-2.86028456687927
12.86536693573	1.59626376628876
13.1039180755615	0.66953307390213
14.2227363586426	-0.937430441379547
14.0746202468872	-1.58035397529602
13.05517578125	1.30671381950378
13.3456611633301	-2.82471346855164
14.3975238800049	-1.83448266983032
14.1673183441162	-2.09316754341125
13.8806743621826	-2.25587177276611
13.9294204711914	-1.26771247386932
14.4332237243652	-1.93457818031311
13.1388816833496	0.924305081367493
12.5301113128662	-1.12785804271698
13.1616983413696	0.615072786808014
13.1202125549316	0.753115296363831
13.0151510238647	1.21974551677704
14.1292591094971	-1.79302787780762
13.1909437179565	0.361116796731949
13.6691923141479	-1.53980946540833
14.3274183273315	-2.02087450027466
12.9639348983765	0.368892192840576
14.2153272628784	-0.726821959018707
12.9475593566895	0.987441182136536
14.0762376785278	-2.09451198577881
13.5994262695312	-2.54112458229065
14.011757850647	-1.84703195095062
13.2358179092407	0.989765584468842
12.7710409164429	1.37738978862762
12.5638933181763	-1.71936333179474
11.7774248123169	-1.65952956676483
12.7189645767212	-1.85672748088837
11.6805276870728	-1.16328346729279
14.2958831787109	-2.27912187576294
13.7609167098999	0.972382247447968
13.0247182846069	1.39354848861694
13.2456436157227	-0.969856977462769
13.9936008453369	-1.48265397548676
13.1492786407471	1.55067622661591
14.2238264083862	-1.89062225818634
12.559983253479	-1.7035608291626
12.8324193954468	1.58231055736542
12.8128232955933	1.13194704055786
14.2809133529663	-1.33658111095428
14.4861106872559	-1.89167404174805
12.9841623306274	0.558259725570679
14.4114265441895	-1.94195604324341
12.9351167678833	0.672321677207947
14.2003774642944	-1.30900263786316
13.5632915496826	1.31643068790436
12.815131187439	-0.312769383192062
14.0965995788574	-0.850938439369202
12.7625703811646	1.57890832424164
13.3411178588867	0.832129716873169
13.9565010070801	-2.17591404914856
12.8811941146851	1.60079622268677
14.0372667312622	-2.23185062408447
13.1084470748901	1.00484788417816
13.9192609786987	-2.50221943855286
12.9171333312988	1.45137631893158
12.7891883850098	0.600402593612671
13.7567539215088	-1.82454550266266
14.1069488525391	-1.60636234283447
13.0206518173218	1.57966244220734
12.696216583252	-1.62987375259399
13.0957136154175	-1.19566679000854
13.1365575790405	1.12786257266998
14.1915893554688	-1.92843770980835
13.3298454284668	1.44681358337402
14.1603517532349	-0.723852038383484
12.9410753250122	-1.08486032485962
13.4361925125122	-1.34770584106445
13.5549383163452	-2.23923277854919
13.8039855957031	-2.69997620582581
13.7326745986938	-0.75214821100235
12.8262567520142	-1.33423507213593
13.0608577728271	0.782423794269562
12.6852388381958	1.39932024478912
13.2448377609253	-1.17036485671997
13.4846363067627	-2.58494281768799
13.7764654159546	-1.23385512828827
14.0728387832642	-1.2321230173111
13.4401292800903	-2.43995904922485
12.7896537780762	1.31937956809998
13.2736845016479	1.49820673465729
13.7868022918701	-2.75460457801819
13.3246879577637	-1.24716174602509
12.7842788696289	0.983842194080353
13.3751974105835	-1.87448692321777
13.1084175109863	1.34175741672516
13.0974063873291	-2.48046326637268
14.1236906051636	-1.96167290210724
13.8068008422852	-2.72619342803955
13.5168199539185	0.964648365974426
13.8505964279175	-1.53158164024353
13.2273645401001	0.934316515922546
12.7706718444824	-1.17473566532135
13.3612651824951	-1.97618067264557
14.3257761001587	-1.08664453029633
14.0509614944458	0.434674739837646
13.8171834945679	-2.3146185874939
13.008599281311	1.58978712558746
14.436206817627	-1.8487890958786
13.4858837127686	-2.26308560371399
14.0973072052002	0.416498780250549
12.8519086837769	1.00943458080292
12.4037342071533	-0.798660218715668
14.3963317871094	0.352959215641022
14.3032894134521	0.047528613358736
13.5678100585938	-2.52568459510803
13.4504117965698	-2.74257326126099
12.9751472473145	1.44915270805359
13.5961570739746	-1.35635912418365
14.2540483474731	0.312508642673492
12.4311962127686	-1.74573278427124
13.9125862121582	-0.845862507820129
14.2435550689697	0.0926847755908966
14.4178447723389	0.151526302099228
13.3642454147339	-1.16647660732269
14.1462354660034	-2.20205736160278
14.2640686035156	0.343241304159164
13.5045204162598	1.28593492507935
14.4337024688721	0.264409422874451
13.1743803024292	-0.794196546077728
14.4332275390625	0.320764422416687
13.5788087844849	-0.961362302303314
13.6006479263306	-0.617555737495422
14.3881092071533	0.22692945599556
14.3309707641602	0.170722022652626
12.3255710601807	-1.9710818529129
12.149224281311	-1.87718570232391
13.532039642334	-0.346844583749771
12.0726470947266	-1.85172295570374
13.4485893249512	-1.12193429470062
13.0883722305298	-1.35734164714813
13.4501752853394	0.165946438908577
11.6472282409668	-1.66058802604675
12.4349403381348	-0.165679574012756
13.6674766540527	-1.46231186389923
11.7150421142578	-1.24114620685577
13.2153291702271	0.766111373901367
11.6290435791016	-1.43047523498535
13.0405149459839	-1.51926243305206
12.7517528533936	-0.132974982261658
11.7659282684326	-1.18456208705902
13.8043069839478	-0.518631815910339
12.9967002868652	-0.979792475700378
11.8919553756714	-1.83081269264221
11.6157197952271	-1.56136786937714
12.074990272522	-0.945511400699615
13.0285949707031	0.170091211795807
14.5003299713135	0.289333611726761
13.6893196105957	-1.1918660402298
13.7259836196899	-0.597802937030792
12.2180624008179	-1.60664081573486
12.1473541259766	-1.07069945335388
11.8534278869629	-1.34268164634705
11.6239042282104	-1.43484103679657
11.6692867279053	-1.24000263214111
13.8912229537964	-1.38331115245819
14.3811922073364	0.22642782330513
12.2084159851074	-0.651116967201233
14.0078649520874	-1.03203213214874
12.8779649734497	-1.71085715293884
14.0045690536499	-1.10151565074921
12.164252281189	-1.01020228862762
12.7587890625	-1.45768690109253
12.9849967956543	-1.27609050273895
12.2645769119263	-1.01060962677002
12.3830938339233	-1.0228785276413
14.4837875366211	0.267604678869247
13.0465888977051	-2.10392093658447
14.3798828125	-1.52378690242767
13.6960725784302	-2.77376079559326
14.0814867019653	0.609812080860138
14.0897388458252	-2.59503388404846
13.9080467224121	0.113176606595516
13.6491012573242	-0.703128159046173
13.1349954605103	-1.22446501255035
13.8206005096436	-0.612671673297882
12.9075241088867	1.5011864900589
13.7144632339478	-0.678922116756439
14.2305841445923	-2.1688711643219
11.8488864898682	-1.08029854297638
13.1261510848999	-1.06734585762024
12.9024858474731	-1.22762358188629
12.1778650283813	-0.884758234024048
12.4251022338867	-0.76522833108902
13.7293825149536	-0.27788570523262
12.3915853500366	-0.468131542205811
11.7711420059204	-1.2988156080246
12.8780097961426	-0.920446515083313
11.8519411087036	-1.34268343448639
13.9678220748901	-0.737586677074432
13.3803586959839	-1.21832358837128
13.6215581893921	-0.436962783336639
14.2046365737915	-1.44596862792969
13.5002346038818	-0.473844736814499
13.2179622650146	-1.83547961711884
12.5271368026733	-1.39702212810516
13.7867918014526	0.54493260383606
13.2523965835571	-2.01315021514893
12.2116765975952	-0.994972467422485
12.3051652908325	-1.55973446369171
14.2398729324341	-1.47129988670349
14.1769008636475	-1.60857117176056
11.9005451202393	-1.13606917858124
12.1038522720337	-0.84766012430191
13.6120052337646	-0.686529874801636
12.2359294891357	-1.16107273101807
12.263503074646	-1.11478662490845
12.7923221588135	1.22065949440002
13.8090000152588	-1.52558755874634
12.1612873077393	-1.34028494358063
13.4315805435181	-1.36315608024597
13.5662670135498	-1.35470139980316
11.871600151062	-1.38202023506165
11.8283672332764	-1.09679758548737
12.2277870178223	-2.01821255683899
13.6682605743408	-0.612312078475952
14.315281867981	-1.68453299999237
12.8981800079346	0.910559356212616
12.1180830001831	-1.28569602966309
11.8509483337402	-1.65832698345184
14.2289905548096	-2.0107045173645
12.9278411865234	-1.23326313495636
12.8603076934814	0.152072116732597
13.3898706436157	-0.933211207389832
13.8944778442383	-0.480529516935349
13.337944984436	-1.2703230381012
12.6734266281128	-0.31519615650177
13.5533103942871	-0.874399721622467
12.7492628097534	-2.04180097579956
12.0319089889526	-1.38965940475464
13.7467317581177	-1.56270039081573
13.6249198913574	-0.681358516216278
13.3032989501953	-2.49156999588013
14.1252822875977	0.326916009187698
11.7026500701904	-1.73686170578003
14.0157423019409	-1.87520432472229
13.6332139968872	-1.42317068576813
13.6361293792725	-0.371443271636963
12.4072561264038	-1.92653369903564
14.0770921707153	-1.51072943210602
14.0704164505005	-1.25227701663971
13.7309093475342	-0.387892633676529
11.8803949356079	-1.14267075061798
12.0716571807861	-1.34192395210266
11.7526292800903	-1.67286765575409
14.0434589385986	-2.59105110168457
13.9943418502808	-2.55405950546265
12.8183841705322	1.58834218978882
13.9135713577271	-1.34211468696594
12.7907056808472	-2.28895115852356
13.1000871658325	-1.64623510837555
11.9274482727051	-1.17492067813873
12.8930149078369	0.0380874276161194
12.9194068908691	0.657201707363129
13.3330926895142	-0.275449275970459
12.9066762924194	-1.79299759864807
11.9750709533691	-2.00533509254456
12.6932163238525	-1.70038163661957
12.7776327133179	0.303135603666306
11.9078531265259	-1.27646827697754
14.4147968292236	0.218656182289124
12.2264890670776	-0.963598549365997
13.7284450531006	-0.511362731456757
11.9305419921875	-1.77250802516937
12.1089696884155	-1.89166831970215
11.9228734970093	-1.57649147510529
13.9760465621948	-1.95880901813507
13.9855356216431	0.550794064998627
12.33118724823	-2.03387975692749
12.1012382507324	-0.938626646995544
13.1988096237183	-1.48276424407959
12.4347124099731	-1.84504067897797
13.0093536376953	-1.53153073787689
14.0627479553223	0.227766439318657
12.0261678695679	-1.07462584972382
13.8344392776489	-1.8922404050827
11.8733644485474	-1.48942577838898
11.7069330215454	-1.36357581615448
11.895791053772	-1.61619317531586
13.4934349060059	-1.09802377223969
13.5738840103149	-2.09803915023804
13.5028657913208	-1.80185735225677
13.0891733169556	0.597865641117096
14.1663551330566	-1.35895037651062
13.6805505752563	-2.00494575500488
12.7510137557983	0.0980758145451546
11.9211359024048	-0.986023306846619
11.9517765045166	-0.910229086875916
12.7960224151611	-0.584883749485016
13.6439571380615	1.18716144561768
13.7123870849609	0.765648603439331
12.3627805709839	-1.50294613838196
12.7787580490112	0.552159070968628
14.345666885376	-1.82379245758057
13.0954608917236	-0.00600210670381784
13.8440818786621	-2.5655882358551
14.3327493667603	-2.10194373130798
13.1278991699219	1.47647321224213
13.5169734954834	1.14324271678925
13.1801137924194	-2.00713133811951
13.4355325698853	-1.18888175487518
13.7263298034668	-2.76321220397949
13.3826313018799	-1.89309859275818
12.7808799743652	0.783149123191833
14.3787965774536	-2.06554222106934
13.3105688095093	0.910741686820984
13.0572128295898	1.45430386066437
12.9013509750366	-1.20427548885345
13.927077293396	-1.15452933311462
13.8971300125122	0.720254480838776
12.8763389587402	0.572539627552032
13.6387882232666	-1.65378963947296
13.7431039810181	-0.748164653778076
12.7031898498535	0.904813706874847
13.8093957901001	-2.57303905487061
13.7906579971313	-2.5599160194397
13.4598474502563	1.14472830295563
14.0292129516602	-1.7100156545639
13.4892492294312	-2.70760345458984
13.5166339874268	-0.574256181716919
14.0859060287476	-1.77946865558624
13.8112545013428	-1.43996000289917
13.6743097305298	-2.67116832733154
-12.4345464706421	1.07627081871033
-17.445915222168	1.26278471946716
-15.8334255218506	0.644220888614655
-16.8316841125488	0.112333655357361
-16.2179298400879	0.00951957423239946
-12.7966089248657	1.39170479774475
-16.5182704925537	1.48671412467957
-17.3646354675293	1.48632633686066
-12.8591194152832	1.13479959964752
-13.3878870010376	1.3539229631424
-17.3252754211426	1.14676141738892
-13.2240142822266	1.52001619338989
-12.5704708099365	1.17638158798218
-16.1917533874512	1.99266278743744
-13.0151796340942	1.79546856880188
-16.0173645019531	0.723243594169617
-16.6620750427246	0.175034388899803
-12.7106590270996	1.78108823299408
-12.469856262207	1.39233791828156
-15.4781951904297	0.599915385246277
-16.4179153442383	0.532408893108368
-16.0237941741943	1.63281035423279
-16.6158084869385	0.577431201934814
-16.5272331237793	1.16650915145874
-12.4320783615112	1.44537913799286
-13.0698757171631	1.71435403823853
-12.5985307693481	1.44114983081818
-16.2591075897217	0.136106595396996
-12.753532409668	1.5519345998764
-16.2125053405762	0.173721387982368
-17.1356773376465	1.66122949123383
-17.1309852600098	0.885075986385345
-16.119026184082	0.33109176158905
-12.7827835083008	1.23760402202606
-13.3228645324707	1.36284518241882
-12.6157388687134	1.66019415855408
-16.6210060119629	0.562567472457886
-12.718729019165	1.51153779029846
-12.7533445358276	0.937159538269043
-16.1762561798096	0.638889253139496
-16.984432220459	0.781994640827179
-15.2228660583496	0.64766526222229
-12.7443962097168	1.63640785217285
-15.6792192459106	0.216655656695366
-17.0886077880859	1.43947470188141
-16.4930591583252	0.711674749851227
-16.0727272033691	0.741157352924347
-16.8753547668457	0.997114181518555
-17.1822986602783	0.80594402551651
-16.0698108673096	0.62765634059906
-15.8574686050415	-0.0283782258629799
-13.3624849319458	0.911262094974518
-16.5568408966064	0.654368758201599
-12.5667219161987	1.34152936935425
-12.5897922515869	1.09319531917572
-17.1541328430176	0.808129072189331
-14.7843379974365	0.596242368221283
-16.0430335998535	2.54826092720032
-15.1268463134766	0.589174747467041
-16.571081161499	0.189695715904236
-12.465238571167	1.44857704639435
-16.3548355102539	0.961284697055817
-12.5017776489258	1.30025267601013
-16.3025398254395	0.326133877038956
-13.018349647522	1.60560262203217
-16.4185237884521	0.69422572851181
-13.0196084976196	0.91509747505188
-15.5842342376709	0.872308611869812
-16.9932689666748	0.954946517944336
-14.5607709884644	1.65398120880127
-12.6719484329224	1.10847330093384
-17.2684459686279	1.32712352275848
-17.1641941070557	1.40500104427338
-17.2677536010742	1.50310623645782
-12.4107818603516	1.53049886226654
-15.964825630188	0.614937663078308
-16.1774005889893	0.305551171302795
-15.9867000579834	0.576072871685028
-15.5357532501221	1.02293848991394
-15.8195524215698	0.217278480529785
-17.288200378418	1.4713180065155
-13.0899562835693	1.24990081787109
-16.4616851806641	0.350050538778305
-17.1875457763672	1.32294833660126
-16.0759582519531	1.70080196857452
-16.0816898345947	0.636490702629089
-16.8329086303711	0.199452131986618
-16.5556907653809	1.32664000988007
-15.7490911483765	0.428979068994522
-16.075267791748	0.944250106811523
-13.8797998428345	-0.0159974787384272
-15.195990562439	0.707221686840057
-15.5817823410034	0.311244547367096
-12.7256536483765	1.14820075035095
-12.6628551483154	1.30471217632294
-12.9030618667603	1.65618681907654
-17.0776634216309	1.52752327919006
-15.5204524993896	2.60750699043274
-15.4615249633789	2.50233793258667
-16.7754421234131	0.190491408109665
-12.792462348938	1.81898295879364
-15.4282379150391	0.551830530166626
-16.4502429962158	0.926434636116028
-15.9808320999146	0.117201380431652
-15.8872537612915	0.497053056955338
-17.0096225738525	0.382778346538544
-16.4172611236572	0.109255507588387
-15.2634115219116	0.681908547878265
-16.7523899078369	0.424567520618439
-12.8776607513428	1.51691102981567
-16.7623920440674	0.747534036636353
-12.7931880950928	0.950977444648743
-16.7883968353271	0.513122737407684
-13.0440359115601	0.903313159942627
-14.5385465621948	1.15176367759705
-16.1698036193848	0.761861979961395
-16.5332050323486	0.473494112491608
-16.3391380310059	0.254467159509659
-16.8688411712646	0.449675053358078
-13.1225290298462	0.974571645259857
-13.9001808166504	1.30900633335114
-12.6250715255737	1.06930994987488
-17.2673740386963	1.20836389064789
-12.6167526245117	1.3983246088028
-16.1767482757568	0.201928675174713
-16.1685390472412	0.707195818424225
-16.9927005767822	1.46177935600281
-13.4753904342651	1.06587648391724
-12.9259805679321	1.74653744697571
-16.445707321167	0.421974241733551
-12.7788419723511	1.45817184448242
-13.3304195404053	1.58965682983398
-12.5949459075928	1.47288370132446
-16.3365211486816	1.35890161991119
-13.7763977050781	0.149157017469406
-13.2965621948242	1.53452742099762
-12.7284021377563	1.47893178462982
-12.5677871704102	1.64371585845947
-12.6801776885986	1.67915225028992
-15.3644819259644	1.54181754589081
-13.8532638549805	0.129961922764778
-15.4503469467163	1.85724878311157
-13.8688249588013	0.144404694437981
-16.4079761505127	2.2475414276123
-13.690972328186	-0.00243452377617359
-16.3259124755859	0.562560200691223
-13.3653192520142	1.52403938770294
-16.2531814575195	1.98909842967987
-16.5038814544678	0.405206263065338
-13.8102397918701	0.0847209244966507
-15.1768817901611	1.04726052284241
-13.8224143981934	-0.0170796029269695
-15.2846374511719	1.00808823108673
-13.9075012207031	-0.00527152698487043
-13.8592300415039	0.105242140591145
-14.4592971801758	1.34520256519318
-15.3706016540527	1.41271221637726
-14.2448110580444	0.401669561862946
-13.1748971939087	0.524323225021362
-15.9709033966064	2.81299233436584
-15.8818397521973	1.91792273521423
-16.352029800415	2.47278690338135
-16.095121383667	2.6448974609375
-16.3349895477295	2.24419140815735
-13.1806354522705	1.14251410961151
-14.3073892593384	0.203718930482864
-16.0256652832031	2.81973505020142
-15.3165483474731	1.54510998725891
-16.2203178405762	1.99014568328857
-13.6795234680176	0.460717111825943
-16.1390419006348	2.08822870254517
-15.0613718032837	0.709011018276215
-14.2487440109253	0.545944631099701
-14.9055337905884	0.583042025566101
-14.1326971054077	0.704116940498352
-13.3677587509155	1.22438478469849
-15.9041013717651	2.71137261390686
-16.3389301300049	1.47844541072845
-16.0777149200439	0.399087995290756
-13.7878751754761	0.164889350533485
-15.6208114624023	2.24850916862488
-14.6933689117432	0.742094337940216
-15.1384677886963	0.884672462940216
-17.0987129211426	1.31426453590393
-15.3534469604492	2.32267618179321
-16.0951652526855	2.61491584777832
-15.4448766708374	0.770007789134979
-15.6341695785522	1.84326064586639
-15.4305620193481	1.12943542003632
-13.887035369873	0.059284083545208
-12.7169103622437	1.02538740634918
-15.7597408294678	0.712451279163361
-14.6520576477051	1.04665744304657
-15.8345556259155	0.447066366672516
-16.1264343261719	2.06498837471008
-13.9816932678223	0.0152849778532982
-15.5281000137329	0.937789022922516
-13.889552116394	0.0785529613494873
-15.2421445846558	0.899480760097504
-15.2739744186401	1.51816821098328
-16.0069904327393	1.50085830688477
-16.7174816131592	0.743332266807556
-16.4143753051758	0.513128638267517
-13.0529747009277	1.2820850610733
-13.3363456726074	1.42921817302704
-16.2779541015625	1.12744963169098
-15.3227214813232	1.43586695194244
-13.9453926086426	0.113633312284946
-13.4710302352905	0.842631340026855
-16.8304023742676	1.624835729599
-13.8348016738892	0.109497807919979
-12.8745241165161	1.65040349960327
-15.4997577667236	2.20559239387512
-13.6978197097778	0.390092074871063
-14.4856061935425	0.842360258102417
-14.7492876052856	1.16938400268555
-15.8890314102173	2.80577516555786
-17.0310764312744	0.897680640220642
-14.5280799865723	0.977026462554932
-16.5860233306885	1.60385811328888
-15.5128173828125	2.62122583389282
-12.7072620391846	1.488978266716
-15.3860836029053	1.61711585521698
-16.3863754272461	1.74356389045715
-14.9610471725464	0.811415016651154
-14.3765306472778	1.29315495491028
-14.4289388656616	1.18445539474487
-13.2616024017334	1.33870267868042
-16.268741607666	0.561791777610779
-12.5670547485352	1.26409983634949
-14.0466251373291	1.05142867565155
-13.9108991622925	0.661353826522827
-13.347188949585	1.1080162525177
-16.8101024627686	1.96883451938629
-15.6169986724854	1.20607960224152
-15.2905807495117	2.20377922058105
-16.3278331756592	1.24353575706482
-16.2109889984131	1.00395309925079
-15.4945516586304	2.17407131195068
-17.0660400390625	1.48981916904449
-15.7628707885742	2.79765200614929
-15.4138488769531	2.13831853866577
-14.9889888763428	2.19498205184937
-12.7270669937134	1.01507544517517
-16.27978515625	0.791774153709412
-12.9297714233398	1.59172403812408
-15.5724086761475	2.56675982475281
-16.2729167938232	2.3061101436615
-16.2119312286377	2.64509034156799
-16.015645980835	2.68425607681274
-16.6472587585449	0.632105529308319
-15.4811229705811	2.09819912910461
-15.694375038147	0.837006151676178
-16.1440238952637	0.58296662569046
-15.7009687423706	2.6232762336731
-15.964524269104	2.62224006652832
-15.3662919998169	2.57023787498474
-13.5302114486694	0.680043816566467
-15.611216545105	2.66937160491943
-15.799599647522	2.8103039264679
-14.6648330688477	1.76908910274506
-17.2878742218018	1.35991609096527
-16.3206748962402	0.767147719860077
-15.326678276062	0.753220200538635
-14.0875473022461	0.894207894802094
-16.2854843139648	0.425550907850266
-15.264744758606	1.48618686199188
-17.3016891479492	1.32712161540985
-15.9862442016602	0.852615118026733
-15.0081853866577	0.6883624792099
-16.9144744873047	1.83770608901978
-15.6758060455322	0.501331031322479
-16.0075778961182	2.28241443634033
-16.0598030090332	2.58262205123901
-15.1337623596191	1.43532240390778
-16.3046283721924	0.343423038721085
-14.7691707611084	1.26582133769989
-16.5713481903076	2.14619326591492
-15.09423828125	1.1801506280899
-15.2661218643188	1.24810791015625
-13.9250507354736	0.79359233379364
-15.4341487884521	1.23661661148071
-15.6930503845215	2.68631267547607
-16.6213855743408	0.843993902206421
-15.7257556915283	2.76638793945312
-15.5028514862061	2.68584084510803
-16.2985382080078	1.08278894424438
-15.6311159133911	2.34386706352234
-16.1620960235596	1.62858009338379
-12.586745262146	1.63975942134857
-15.5706634521484	2.68914866447449
-15.7372817993164	2.86910367012024
-16.5159339904785	1.55675101280212
-15.9125308990479	2.56321024894714
-15.1079969406128	0.564148485660553
-16.0317192077637	2.65484428405762
-16.4628143310547	2.31396174430847
-15.6647338867188	2.61688637733459
-15.4115123748779	0.554254829883575
-14.8846435546875	1.17800176143646
-12.9112739562988	1.53485178947449
-15.5403251647949	2.61511993408203
-15.8992156982422	0.2940554022789
-15.7543668746948	2.09065341949463
-15.4066476821899	2.67347884178162
-15.7222375869751	2.80444979667664
-15.2487354278564	1.56152439117432
-13.697154045105	0.620897889137268
-15.7539739608765	2.80504870414734
-15.2363758087158	0.714482128620148
-15.9261112213135	2.66592931747437
-15.500545501709	2.77898168563843
-12.9378023147583	1.66896295547485
-16.358922958374	1.06457674503326
-17.1240921020508	0.727226793766022
-16.3074474334717	0.683758974075317
-14.7718334197998	0.942591786384583
-16.0758075714111	2.10009098052979
-15.1980857849121	1.04228949546814
-16.1626167297363	2.15793085098267
-15.3229455947876	1.52487194538116
-15.0199098587036	0.694628059864044
-16.6701641082764	0.12060372531414
-17.2666492462158	1.52228271961212
-16.1760845184326	2.65499424934387
-14.5835790634155	1.31317901611328
-14.0924558639526	1.48094260692596
-14.1902704238892	1.03696000576019
-16.2862949371338	1.28001475334167
-14.5710248947144	0.380574911832809
-17.2813606262207	1.43574571609497
-17.3044605255127	1.278883934021
-13.1359510421753	1.75221276283264
-16.3606510162354	0.631540894508362
-14.2181625366211	1.192715883255
-14.3536548614502	0.941583395004272
-16.9656181335449	1.71384871006012
-15.6509895324707	0.695600926876068
-15.6810321807861	2.0187201499939
-17.0090579986572	1.56100964546204
-15.7068662643433	0.672551870346069
-12.8796911239624	1.37951374053955
-15.9401731491089	0.50043112039566
-17.0059928894043	1.26417076587677
-13.5444965362549	0.936944723129272
-16.9640674591064	0.633202970027924
-13.0782403945923	1.3722767829895
-12.6071453094482	1.34601306915283
-16.7226066589355	0.273046880960464
-17.2999687194824	1.34286296367645
-16.9236698150635	0.255545049905777
-17.2640209197998	0.992120206356049
-13.3597106933594	1.39648258686066
-12.7355165481567	0.909164845943451
-13.8331317901611	0.0953915193676949
-16.1426544189453	0.839567065238953
-18.8029174804688	2.96431231498718
-18.6326160430908	1.04982614517212
-18.3561325073242	3.50715613365173
-18.8265762329102	2.94098448753357
-18.0114688873291	1.84695303440094
-18.2286128997803	3.41617298126221
-17.7703437805176	3.37022686004639
-17.3620662689209	3.6902277469635
-18.7212696075439	0.865371108055115
-18.7464275360107	2.75775289535522
-18.4705677032471	1.39663422107697
-17.5813636779785	3.17497563362122
-18.2838935852051	1.53514719009399
-18.0309371948242	3.08476734161377
-18.7528953552246	2.97018361091614
-18.6427192687988	1.0618748664856
-17.315055847168	3.82572412490845
-18.7738018035889	3.26439595222473
-18.1465034484863	3.37156367301941
-17.9611797332764	3.40998840332031
-18.4834060668945	3.29247498512268
-18.8345336914062	1.01750802993774
-18.1023693084717	3.25989770889282
-18.9605140686035	1.29731440544128
-18.3393878936768	2.64970755577087
-17.5593662261963	3.09762167930603
-17.5835037231445	3.54200458526611
-18.6886672973633	3.31926941871643
-18.1100578308105	3.51564693450928
-18.4326763153076	3.20029163360596
-19.0551910400391	1.26039576530457
-18.2209968566895	1.3093695640564
-18.6966171264648	1.19031858444214
-19.1172790527344	1.59657323360443
-16.3932991027832	3.06103992462158
-19.1714344024658	1.35557389259338
-17.6763401031494	3.03487467765808
-18.2550945281982	1.66111433506012
-19.2235794067383	1.69178307056427
-17.0785312652588	2.51835227012634
-19.0684356689453	1.2593184709549
-17.2495250701904	3.74569177627563
-18.316385269165	3.21428656578064
-17.732837677002	3.67983865737915
-19.0475044250488	0.956507921218872
-18.4317817687988	3.31605887413025
-17.5855522155762	2.52729797363281
-17.9726905822754	3.07392525672913
-18.7060279846191	2.84490323066711
-18.3295860290527	3.39434623718262
-18.6870059967041	3.2319610118866
-16.8885631561279	3.03516983985901
-16.8487358093262	3.63111138343811
-19.2675514221191	0.877414107322693
-19.2411441802979	1.27559864521027
-18.6884250640869	1.03281438350677
-16.155818939209	2.81356525421143
-18.1825122833252	1.75063788890839
-17.9719276428223	2.21963143348694
-18.908727645874	2.82133197784424
-19.1839733123779	1.59340500831604
-18.3883075714111	2.15304827690125
-17.4300594329834	3.71720266342163
-18.7129192352295	2.95321011543274
-18.3321971893311	3.51900696754456
-17.5618305206299	3.6588077545166
-18.1040802001953	3.43043446540833
-16.4920024871826	3.25638675689697
-18.668176651001	1.85156607627869
-19.0869979858398	0.893303155899048
-18.3223056793213	1.24853944778442
-17.3231163024902	3.21734571456909
-17.8037052154541	1.51879513263702
-17.2561016082764	3.54051041603088
-19.2719135284424	0.854143142700195
-18.254207611084	2.4010546207428
-17.0049858093262	2.80298256874084
-17.1165904998779	3.25095820426941
-18.5836544036865	2.92560124397278
-18.0261192321777	3.38940167427063
-17.3609733581543	3.49434971809387
-18.4869689941406	1.51705920696259
-18.5850868225098	2.98317956924438
-19.1766166687012	1.81093490123749
-19.3812732696533	0.970256865024567
-17.542839050293	3.5041356086731
-16.528902053833	2.59418439865112
-18.6241397857666	1.08602786064148
-19.2460918426514	1.41195738315582
-16.3663845062256	2.43896508216858
-17.5178890228271	0.732967615127563
-16.5082607269287	2.84974002838135
-16.5625324249268	2.29513382911682
-18.6705112457275	2.83442878723145
-17.9478797912598	1.00043034553528
-18.5409088134766	2.39091157913208
-19.0738525390625	1.0667005777359
-18.0900287628174	2.59593629837036
-18.1604995727539	3.00093770027161
-19.2240505218506	0.977540075778961
-16.5687389373779	3.02021336555481
-17.9000453948975	2.21563148498535
-17.4307346343994	2.95456671714783
-17.2768898010254	3.62872242927551
-18.6324157714844	1.23133766651154
-18.7976398468018	2.70964694023132
-18.1429996490479	2.36145401000977
-18.6515274047852	2.61171388626099
-19.2137756347656	1.68988013267517
-17.9219455718994	3.48689270019531
-18.5040817260742	3.3344783782959
-18.4231071472168	3.1416609287262
-16.3029403686523	2.88011932373047
-17.7922325134277	3.52026200294495
-16.5401878356934	3.30363488197327
-18.5041923522949	1.25163280963898
-18.7125549316406	3.19974255561829
-18.2240428924561	3.04509449005127
-18.2578563690186	3.25816178321838
-17.5089778900146	3.08865571022034
-16.4637279510498	3.12749075889587
-18.6780452728271	1.45682561397552
-18.483642578125	2.52057385444641
-19.0081844329834	1.0946524143219
-18.1756019592285	3.42725443840027
-18.7183208465576	2.59366154670715
-18.0000743865967	3.42204809188843
-17.576831817627	3.48925018310547
-17.9060592651367	2.85446882247925
-18.6198711395264	3.20279145240784
-19.4546279907227	1.08094596862793
-18.2554893493652	2.47452116012573
-17.702465057373	0.840475022792816
-16.5136623382568	1.64322447776794
-17.8919696807861	1.37227857112885
-18.3370475769043	2.32628679275513
-19.3071479797363	1.42746424674988
-16.860294342041	3.26322078704834
-18.5944690704346	1.28798007965088
-17.6940422058105	0.789168179035187
-17.6230907440186	0.814817190170288
-17.7157821655273	2.30878162384033
-17.6865634918213	2.54428911209106
-18.1108303070068	1.49334526062012
-17.8600845336914	1.12014818191528
-18.3752555847168	3.08722138404846
-16.9206027984619	3.11885499954224
-17.6649150848389	0.922576904296875
-17.6166706085205	0.64596951007843
-18.5938358306885	1.93442571163177
-17.5205821990967	0.632416486740112
-16.8711891174316	3.07202386856079
-16.9767990112305	3.11742305755615
-16.4493446350098	2.16703200340271
-17.7770900726318	2.17435193061829
-18.1685237884521	1.05737149715424
-16.3072299957275	2.59007692337036
-16.4132041931152	2.29025197029114
-16.9129962921143	2.58444452285767
-16.0943794250488	1.92484033107758
-17.5258312225342	1.93648517131805
-16.3280277252197	1.90484869480133
-17.3689727783203	2.91823530197144
-16.1968536376953	2.020583152771
-19.2018623352051	1.07156085968018
-18.8641986846924	0.949675440788269
-16.8233165740967	1.57633602619171
-19.0208320617676	1.44977760314941
-16.6256809234619	2.67802882194519
-18.9703769683838	0.851031005382538
-19.0176773071289	0.974234938621521
-16.3378009796143	1.86092376708984
-17.5127086639404	3.03992891311646
-17.6589984893799	1.41821789741516
-16.9867134094238	2.57843708992004
-16.2667083740234	2.06562829017639
-17.3576736450195	1.67142105102539
-19.2037696838379	0.973112225532532
-16.1924247741699	2.91352772712708
-16.7613410949707	3.347243309021
-18.1310195922852	1.69552159309387
-17.0087280273438	1.58137738704681
-17.5672931671143	0.821186125278473
-17.6378898620605	1.5209892988205
-19.0873165130615	0.821655631065369
-16.543083190918	1.68534624576569
-16.7792167663574	2.79878616333008
-16.7778396606445	1.5620710849762
-18.9188289642334	2.32491445541382
-16.2195625305176	1.97791135311127
-18.3129844665527	1.17585301399231
-16.2789096832275	2.96853303909302
-19.2337379455566	1.14516091346741
-17.6248092651367	2.67531490325928
-16.5168857574463	2.60618281364441
-17.7394008636475	0.774178206920624
-18.0048961639404	2.26216650009155
-17.7254791259766	2.13124465942383
-16.7350234985352	3.18592047691345
-17.8548069000244	3.47940135002136
-16.1759357452393	2.85673356056213
-16.7145805358887	3.36573028564453
-19.1438674926758	0.739178955554962
-16.799825668335	3.56019401550293
-17.6398258209229	1.06490695476532
-16.3209266662598	1.8787180185318
-17.7390480041504	0.660265922546387
-17.7450408935547	0.693555951118469
-17.9247016906738	1.08525097370148
-16.6865406036377	1.48106586933136
-18.6485443115234	1.15258753299713
-17.2469234466553	3.56681680679321
-16.4029312133789	3.1329197883606
-16.7915058135986	1.77943551540375
-16.928524017334	1.78841257095337
-16.8291797637939	1.4383419752121
-17.7249889373779	2.23698902130127
-18.5785675048828	3.19217658042908
-16.973970413208	1.54768884181976
-17.2863693237305	3.33382725715637
-18.3119964599609	2.14928770065308
-18.0357456207275	3.17094373703003
-17.8199901580811	3.20109701156616
-16.2863883972168	2.01845645904541
-16.432409286499	1.8625385761261
-17.9246883392334	1.98164093494415
-16.537540435791	1.89201319217682
-18.1759395599365	2.9525671005249
-16.3723564147949	1.95525789260864
-16.6491451263428	2.04629755020142
-17.3080654144287	2.08468961715698
-18.1169109344482	1.06262922286987
-16.6106224060059	2.88643264770508
-16.2781505584717	1.85483300685883
-18.2200984954834	1.13621938228607
-16.5766696929932	2.49740719795227
-18.0891513824463	2.09845161437988
-17.5950584411621	2.69241952896118
-18.4287147521973	1.60366225242615
-17.0064582824707	2.24152612686157
-17.0919456481934	2.89983630180359
-16.7880191802979	1.60513353347778
-16.3981285095215	2.0843870639801
-18.0577354431152	1.71199643611908
-16.1923942565918	2.28494071960449
-16.6725311279297	2.9518666267395
-16.6533889770508	3.14547181129456
-16.710277557373	3.10427975654602
-16.3187141418457	2.92584371566772
-16.6992874145508	1.44792914390564
-17.4448661804199	3.34438157081604
-16.3437519073486	2.55778479576111
-18.0202484130859	3.12840461730957
-16.8100070953369	2.17845630645752
-16.4512176513672	1.70237255096436
-18.2560615539551	2.55654096603394
-16.8561725616455	1.48934710025787
-17.4020690917969	1.75708746910095
-17.1857032775879	1.84495651721954
-16.1250438690186	2.03518915176392
-16.2584323883057	2.78611707687378
-16.2616214752197	1.88129234313965
-18.659725189209	2.72979497909546
-16.9727325439453	2.4091899394989
-16.4190788269043	2.71355104446411
-17.6929359436035	3.17208385467529
-16.4890403747559	2.19859766960144
-17.4964294433594	2.33000802993774
-17.1554584503174	3.55886912345886
-16.8408241271973	1.77663397789001
-17.1804580688477	2.52776861190796
-17.1916427612305	1.33447563648224
-17.5925064086914	3.25091552734375
-18.5619831085205	2.62148690223694
-16.2032947540283	2.94304227828979
-16.9095878601074	2.11984443664551
-16.9145050048828	3.14100694656372
-17.622013092041	2.65485191345215
-18.7980880737305	2.56174516677856
-19.2171020507812	0.846206903457642
-19.3357238769531	0.850412845611572
-16.6603889465332	3.41226625442505
-18.3253536224365	2.27233123779297
-16.3867454528809	2.20947289466858
-16.7058887481689	2.35434293746948
-17.5761814117432	3.32599806785583
-17.1804904937744	2.81707501411438
-16.7671585083008	2.74420261383057
-16.3454971313477	2.65217065811157
-16.6579685211182	2.8256139755249
-16.7968997955322	1.68432724475861
-17.0487480163574	1.9947212934494
-16.7829551696777	2.03034734725952
-16.7428169250488	1.91406714916229
-17.5266819000244	0.772235512733459
-17.423526763916	3.53559494018555
-16.0385589599609	2.56307172775269
-17.6754455566406	3.04610729217529
-16.3355541229248	1.76457691192627
-16.6920223236084	2.04421901702881
-16.1476097106934	2.15699601173401
-16.8028240203857	3.16242337226868
-18.4775848388672	1.16443705558777
-18.7163429260254	2.34428524971008
-18.0403938293457	2.78694558143616
-16.5038814544678	2.82628631591797
-16.4043292999268	2.94430828094482
-16.7699584960938	1.5024847984314
-16.1595706939697	2.3237738609314
-16.1609935760498	2.44211792945862
-18.5496063232422	1.74362504482269
-19.2816638946533	1.00661563873291
-17.4820365905762	3.51952719688416
-19.0764598846436	0.78020441532135
-18.4561595916748	3.20204710960388
-18.6264686584473	2.54438495635986
-16.0556240081787	2.37818551063538
-18.5077018737793	1.97334003448486
-16.2120418548584	1.96012544631958
-18.409158706665	1.54595971107483
-16.378849029541	3.11188769340515
-18.2139644622803	2.48184013366699
-18.8875026702881	2.8673620223999
-17.746976852417	1.04669952392578
-17.3039722442627	3.36237025260925
-17.8759708404541	2.35969471931458
-16.1407451629639	2.50225400924683
-16.4393215179443	1.84730851650238
-17.6180152893066	0.695759117603302
-17.35205078125	2.99015378952026
-17.5337810516357	2.67107129096985
-18.2354736328125	2.37757349014282
-18.7791595458984	2.85226464271545
-18.1846885681152	1.06206119060516
-19.3502388000488	1.03413426876068
-18.7809658050537	1.6616495847702
-18.6888694763184	1.25484645366669
-18.761625289917	1.36032283306122
-18.2624664306641	3.0058696269989
-17.9669799804688	3.36391711235046
-18.0535926818848	2.29135942459106
-18.7132568359375	2.75255942344666
-19.2948818206787	1.00437545776367
-18.4893856048584	2.58044648170471
-18.1778316497803	3.08763313293457
-16.8608074188232	3.30458188056946
-19.3309268951416	1.23343217372894
-18.2108993530273	1.83399307727814
-19.0809535980225	1.09161770343781
-19.1233158111572	1.10808598995209
-18.5061378479004	2.90270853042603
-19.0629062652588	0.818515062332153
-19.2301082611084	0.79484486579895
-18.0160350799561	0.806017637252808
-18.4380741119385	1.73624908924103
3.84441804885864	6.57005167007446
-10.5107908248901	-3.39128446578979
-11.9362230300903	-4.29732465744019
-8.55317687988281	-4.95506381988525
-8.38254737854004	-5.16619396209717
-8.46308135986328	-5.33772802352905
-8.65032386779785	-4.83848714828491
3.92357635498047	6.58586120605469
-8.20422458648682	-5.02575922012329
-8.62949848175049	-5.26053953170776
-10.4167041778564	-3.3903021812439
-8.40842437744141	-5.15700578689575
-8.60918712615967	-4.88963270187378
-7.38711309432983	-4.75294256210327
-9.57606792449951	-6.00752019882202
-11.5637426376343	-5.22638034820557
-10.0158176422119	-3.6513032913208
-8.51103782653809	-5.11590623855591
-10.2998104095459	-3.32900714874268
-9.44636917114258	-5.21515321731567
-8.74709987640381	-4.95609712600708
-11.204662322998	-4.77859544754028
-10.4425735473633	-3.10735392570496
-9.45604610443115	-4.92809343338013
-9.38998126983643	-5.82873725891113
-9.38130760192871	-5.37474155426025
-11.5621166229248	-5.83107948303223
-9.75154495239258	-4.04689025878906
-10.6891593933105	-4.12081623077393
-9.41568279266357	-6.00311136245728
-10.2796621322632	-4.97154521942139
-11.5931167602539	-5.90382623672485
-10.1132507324219	-5.87142467498779
-7.3263053894043	-4.70461225509644
-11.9774360656738	-4.14342403411865
-10.8437786102295	-5.32622718811035
-8.33587741851807	-5.14765501022339
-11.5663604736328	-5.96613454818726
-10.5633001327515	-6.07895851135254
-10.7642192840576	-4.33691263198853
-11.9610776901245	-5.16100025177002
-10.0269994735718	-4.49031496047974
-8.65407180786133	-5.02872800827026
-11.4721689224243	-3.6648633480072
-8.55956268310547	-5.22492742538452
-11.5392713546753	-5.3719801902771
-9.83461666107178	-5.31624507904053
-8.51476192474365	-5.15984296798706
-8.388747215271	-5.27804088592529
-8.52023029327393	-5.40627908706665
-12.0937042236328	-4.67120552062988
-10.6206789016724	-5.21912431716919
-8.53348541259766	-4.96102476119995
-9.67848300933838	-6.00523948669434
-8.3788948059082	-5.38803577423096
-11.3611030578613	-4.50945615768433
-10.498046875	-3.49819087982178
-11.4296369552612	-6.14330768585205
-12.0703678131104	-4.29483842849731
-11.4482955932617	-5.12089872360229
-11.7457990646362	-4.93219614028931
-9.71312618255615	-5.91006422042847
-8.7838020324707	-5.24594211578369
-8.67733097076416	-5.12827205657959
-8.52538967132568	-5.32440805435181
-7.27625417709351	-4.74614286422729
-7.36241626739502	-4.74552631378174
-8.9233570098877	-4.91724586486816
-10.2088203430176	-4.8209285736084
-7.34623432159424	-4.72888517379761
-8.68867015838623	-4.91510629653931
-8.53019523620605	-4.98266744613647
-7.306640625	-4.71649217605591
-10.5211925506592	-3.87779664993286
-11.8285961151123	-3.86551427841187
-10.4224796295166	-5.01075744628906
3.76117444038391	6.5419454574585
-8.72113990783691	-4.86066865921021
-10.2028656005859	-4.88797426223755
-8.61153507232666	-5.20888662338257
-7.36886644363403	-4.73313188552856
-8.46630764007568	-5.37820386886597
-10.5251436233521	2.357586145401
-9.44792652130127	-5.2221097946167
-9.87546920776367	-5.01560115814209
-11.5680551528931	-3.58186793327332
-10.664608001709	-3.94689679145813
-11.4870729446411	-5.05010986328125
-9.39223480224609	-5.93990898132324
-9.88043117523193	-4.12384271621704
-10.6187610626221	-5.93084573745728
-11.7243146896362	-5.66595554351807
-11.6062421798706	-4.28165817260742
-11.7320280075073	-4.70917129516602
-11.9738302230835	-5.20698261260986
-10.0530185699463	-5.071533203125
-11.6369066238403	-5.24578285217285
-11.5049982070923	-6.15200328826904
-10.7952489852905	-5.16131258010864
-11.8246908187866	-4.26670932769775
-11.5184335708618	-5.85239601135254
-11.5369672775269	-6.12285947799683
-11.8874549865723	-4.91565370559692
-10.1216850280762	2.66329026222229
-11.7419567108154	-4.65229320526123
-11.833945274353	-3.9905412197113
-10.5465545654297	-3.67744994163513
-10.4341268539429	2.28280282020569
-11.3540420532227	-3.85069727897644
-10.5742483139038	-2.84872126579285
-9.81587886810303	-4.0177903175354
-10.9676570892334	-3.91442275047302
-10.9067583084106	-4.37422704696655
-11.2307281494141	-5.66321802139282
-10.3529119491577	-3.07394337654114
-11.704029083252	-5.79476165771484
-11.5334796905518	-6.17997646331787
-9.58931350708008	-5.72781085968018
-10.601466178894	-3.25553822517395
-10.0856094360352	-3.86781525611877
-9.41225147247314	-5.97306203842163
-10.5795946121216	4.00910520553589
-11.9942026138306	-4.19975900650024
-9.85097408294678	-3.91515755653381
-11.5847539901733	-5.14880752563477
-11.5582723617554	-4.94474363327026
-9.29660701751709	-5.4222846031189
-10.8302240371704	-5.15989971160889
-11.0810880661011	-5.20595026016235
-11.6424608230591	-5.24238920211792
-10.3791618347168	-3.08931374549866
-10.8885431289673	-5.01907014846802
-11.7830619812012	-3.79233455657959
-9.56662750244141	-4.84368181228638
-9.39915943145752	-4.64287567138672
-12.0025262832642	-4.39643335342407
-10.8672914505005	-3.34055733680725
-9.35343647003174	-4.37450933456421
-11.0250577926636	-4.31206703186035
-10.2874641418457	-3.64435839653015
-11.6093368530273	-6.14213848114014
-9.38536930084229	-4.53753709793091
-10.522647857666	0.846718907356262
-11.6040878295898	-4.82498836517334
-9.42880344390869	-4.6100378036499
-10.8207235336304	-4.52571487426758
-9.9931755065918	-5.08141899108887
-10.5323238372803	-4.81004047393799
-10.4737300872803	-5.12565994262695
-10.3133668899536	-4.89674520492554
-9.61006546020508	-4.59054088592529
-9.32894325256348	-6.05908918380737
-11.3479719161987	-6.06329870223999
-11.6554069519043	-3.84753608703613
-11.8115062713623	-4.39935636520386
-10.9289951324463	-4.46579456329346
-9.54205989837646	-5.74785184860229
-10.8333950042725	-4.23182439804077
-11.4467763900757	-4.98204135894775
-9.85624027252197	-3.92639660835266
-10.5042314529419	-3.5813684463501
-9.62079620361328	-5.64310121536255
-10.6046943664551	-3.52090072631836
-10.8551654815674	-3.93878960609436
-11.8756303787231	-5.63821363449097
-11.6952991485596	-5.92163372039795
-10.5904197692871	-6.19111776351929
-11.8336124420166	-5.33927392959595
-11.2704038619995	-5.1536865234375
-9.36667156219482	-5.31929302215576
-11.2196674346924	-4.98951959609985
-11.7546873092651	-6.03836822509766
-11.6691598892212	-5.99110269546509
-9.53583240509033	-5.93463182449341
-11.2947587966919	-4.70251655578613
-11.7200479507446	-5.8440203666687
-11.9912214279175	-5.29815626144409
-10.8954563140869	-4.71879625320435
-11.6152467727661	-4.01968812942505
-9.6368293762207	-4.95313262939453
-11.1840467453003	-4.62955236434937
-9.88902473449707	-3.9825005531311
-11.7689018249512	-4.61440277099609
-9.66535377502441	-6.0220251083374
-9.9588041305542	-5.98550224304199
-9.28165340423584	-4.66805696487427
-11.1522016525269	-4.73166608810425
-9.49254035949707	-5.84499025344849
-9.49437141418457	-5.83483982086182
-11.5952053070068	-5.92548179626465
-11.287281036377	-6.22085189819336
-9.84867095947266	-4.03118705749512
-10.5783185958862	-3.18593287467957
-10.6114187240601	-4.08518695831299
-10.4677972793579	-3.15625333786011
-11.4263963699341	-4.9693021774292
-12.0365047454834	-4.91130542755127
-10.4707469940186	-4.22028350830078
-11.0658655166626	-5.16635513305664
-10.6696462631226	-5.00061559677124
-10.2565107345581	-5.01595401763916
-9.77552032470703	5.41511964797974
-10.1101446151733	-5.16294431686401
-9.72000598907471	-5.98214721679688
-9.25364685058594	-5.96153831481934
-12.0759649276733	-4.9940185546875
-9.5713996887207	-4.40524101257324
-8.79978084564209	-4.85806655883789
-10.5583896636963	-5.49304819107056
-10.9924163818359	-5.06373739242554
-9.34504508972168	-4.68191957473755
-9.33068370819092	-5.83118629455566
-10.2862024307251	2.3425395488739
-11.0064611434937	-5.11316680908203
-11.1416597366333	-5.00218820571899
-11.8625164031982	-5.2472767829895
-10.9562034606934	-4.8037257194519
-11.3798847198486	-3.64047074317932
-11.5511465072632	-4.54363918304443
-10.6881704330444	-4.01720666885376
-10.4202899932861	-4.74078321456909
-10.7641382217407	-5.45069122314453
-9.28806781768799	-5.71201133728027
-9.64000129699707	5.81088542938232
-11.3691129684448	-6.13621711730957
-10.1515483856201	-3.90860247612
-11.0148591995239	-3.77879357337952
-10.371636390686	-4.21634864807129
-11.6855573654175	-5.9567084312439
-11.1597728729248	-4.61493539810181
-11.5776023864746	-5.00692224502563
-10.6606130599976	-5.09274291992188
-10.6348352432251	-4.46302032470703
-10.8321228027344	1.71150720119476
-11.4421701431274	-6.06637334823608
-11.9642448425293	-5.09358596801758
-10.6258039474487	-4.03605318069458
-11.0913333892822	-5.30483150482178
-11.6165819168091	-5.21582794189453
-10.6984691619873	-4.230628490448
-10.9421472549438	-5.63344478607178
-9.56534099578857	-5.69723844528198
-10.714898109436	-4.87506437301636
-10.7039852142334	-4.25296211242676
-10.7578592300415	-4.11141490936279
-11.8070669174194	-5.51789236068726
-11.5981912612915	-6.13400554656982
-8.91378879547119	-5.32630348205566
-9.37383937835693	-4.38963270187378
-10.8814144134521	-4.11275768280029
-11.6936349868774	-6.12707662582397
-9.60902500152588	-4.25515031814575
-10.9807729721069	-5.2108793258667
-10.4269390106201	-3.99188470840454
-11.9514360427856	-4.87710905075073
-10.7586078643799	-4.48363494873047
-11.5176019668579	-4.57954788208008
-10.0836210250854	-4.1982855796814
-11.0786075592041	-5.22244119644165
-10.0787792205811	-3.86369442939758
-10.6489706039429	-5.65081596374512
-11.3519172668457	-5.11817741394043
-11.3544406890869	-5.5237250328064
-9.79313278198242	-4.28700256347656
-10.0358180999756	-3.62536334991455
-11.8426828384399	-5.7297568321228
-11.5876846313477	-5.80303525924683
-11.1031579971313	-4.57426738739014
-9.37153434753418	-4.74733304977417
-11.0722370147705	-5.67307233810425
-9.99020481109619	5.12555313110352
-10.7529354095459	-5.14780759811401
-9.47635364532471	-4.85351133346558
-8.91889667510986	-5.25469207763672
-9.80289077758789	-5.06544637680054
-9.60633754730225	-4.76216268539429
-11.3679485321045	-5.47701930999756
-9.97347068786621	-5.09545469284058
-11.8884563446045	-5.4179539680481
-11.9303922653198	-4.08648014068604
-11.0645809173584	-4.89132738113403
-11.1603412628174	-6.09876489639282
-11.8961772918701	-5.82302808761597
-11.2173337936401	-4.92392015457153
-10.1462335586548	-4.79955196380615
-10.1058444976807	-5.06380462646484
-9.55084800720215	4.00356149673462
-10.1806411743164	-3.67507719993591
-9.63055515289307	-4.1466703414917
-10.6618165969849	-5.27940607070923
-10.4768047332764	-3.12138175964355
-11.4005298614502	-6.10069608688354
-10.7966041564941	-5.08894681930542
-11.238302230835	-4.63380002975464
-9.73781299591064	-3.94690775871277
-10.3412628173828	-0.264339506626129
-10.6892023086548	-4.44912004470825
-10.5670757293701	-3.14217734336853
-11.2215585708618	-5.30293607711792
-11.8117656707764	-4.36681985855103
-11.4024629592896	-6.01776695251465
-11.0461330413818	-4.96183967590332
-9.42951774597168	-5.78307247161865
-10.2748985290527	-3.83073306083679
-9.48247241973877	-4.8697452545166
-10.3481731414795	-5.73300313949585
-10.5177888870239	-3.3274257183075
-9.74412727355957	-5.18761110305786
-10.3563852310181	-4.96639919281006
-9.31370258331299	-5.9107813835144
-9.85291767120361	-5.13328123092651
-9.52950191497803	-5.91784286499023
-10.3161649703979	-5.09902906417847
-9.76796913146973	-5.06216239929199
-12.0670213699341	-4.78711175918579
-11.5645904541016	-6.22753572463989
-10.6688899993896	-3.59719800949097
-10.4400014877319	-4.33448791503906
-11.2607679367065	-5.28642749786377
-10.7807340621948	-5.00648498535156
-9.39800453186035	-4.73637962341309
-11.0411777496338	-4.74501180648804
-10.7130899429321	-4.41989517211914
-11.566987991333	-5.95728969573975
-9.63860988616943	-5.78438758850098
-10.5833492279053	-5.47798919677734
-9.73745727539062	1.32076799869537
-11.2181043624878	-5.32713747024536
-9.52224826812744	-4.75339937210083
-9.93141937255859	-4.75722551345825
-9.84455299377441	-4.84675312042236
-9.64145469665527	-4.89646148681641
-10.3858947753906	-3.55472564697266
-9.82647132873535	-5.28746938705444
-9.43824481964111	-4.76000642776489
-10.6251316070557	-5.33320617675781
-9.55961418151855	-4.95226192474365
-9.88847541809082	-5.26755428314209
-10.0772867202759	-5.11882734298706
-9.35769176483154	-4.68236684799194
-11.3168201446533	-5.84544277191162
-11.5176010131836	-6.15325212478638
-9.83181571960449	-4.49824380874634
-9.37428855895996	-5.72595691680908
-10.5421495437622	-5.32247495651245
-9.95466327667236	-3.8277645111084
-9.97774696350098	-5.19860458374023
-17.2296962738037	-1.7114839553833
-17.0425987243652	-4.32561922073364
-14.0795497894287	-1.4682332277298
-17.7160034179688	-1.94691276550293
-16.918643951416	-4.15085458755493
-17.225471496582	-4.24837779998779
-17.3244152069092	-4.16365623474121
-16.752513885498	-4.3616361618042
-16.7806625366211	-2.06204414367676
-18.5081272125244	-2.14646220207214
-15.5382452011108	-3.54450917243958
-15.2446918487549	-3.32604551315308
-11.0802917480469	1.07795298099518
-10.5933246612549	1.32158041000366
-16.9414558410645	-1.88421487808228
-15.8427000045776	-2.5790491104126
-17.9472503662109	-0.863389551639557
-17.0351047515869	-2.83184361457825
-18.393611907959	-2.91621398925781
-15.9001607894897	-1.4879378080368
-17.7845478057861	-1.25160241127014
-16.7647590637207	-4.30286073684692
-16.5408306121826	-1.7866108417511
-17.7465362548828	-2.69556355476379
-16.57395362854	-1.49008595943451
-15.6348218917847	-3.33987736701965
-16.8849258422852	-2.13345909118652
-17.6748371124268	-1.33989131450653
-15.9662313461304	-2.4133837223053
-18.2304821014404	-1.68449032306671
-17.4741744995117	-2.75212383270264
-18.3772964477539	-1.35065639019012
-10.2351770401001	1.53801727294922
-17.0902576446533	-4.29319715499878
-17.362813949585	-3.17217779159546
-16.8441200256348	-4.14248085021973
-17.0650444030762	-4.16237783432007
-16.1076984405518	-1.88709485530853
-18.5290107727051	-1.71507525444031
-16.9440937042236	-2.12018966674805
-16.6404705047607	-4.28018951416016
-16.027738571167	-2.09676790237427
-17.2688312530518	-4.12386846542358
-17.8766899108887	-0.933802723884583
-17.2617702484131	-4.2066798210144
-17.4801845550537	-1.76220345497131
-17.9607467651367	-1.13902926445007
-17.0596122741699	-4.34009552001953
-17.0984439849854	-4.29429054260254
-17.3290596008301	-4.24115753173828
-18.0737495422363	-2.05777287483215
-16.7857780456543	-4.38298988342285
-17.0698318481445	-4.05508613586426
-18.5375328063965	-1.78414952754974
-17.8684997558594	-2.22406983375549
-17.0633640289307	-4.33631229400635
-17.5495128631592	-0.849506616592407
-17.9164276123047	-0.985008955001831
-12.6089973449707	0.182668522000313
-17.7990131378174	-3.30971527099609
-16.4546279907227	-2.44689798355103
-15.6877536773682	-3.5894627571106
-16.7743530273438	-4.43319177627563
-17.3637065887451	-2.04233765602112
-16.7000713348389	-4.33272409439087
-10.4771595001221	1.36047077178955
-16.7979526519775	-4.41892004013062
-16.797550201416	-4.45659494400024
-17.1590118408203	-1.51595675945282
-17.1752185821533	-4.2466721534729
-16.9056835174561	-4.43674516677856
-16.8925552368164	-4.47182941436768
-17.1799755096436	-4.06922197341919
-10.2644710540771	0.0939542204141617
-16.8441696166992	-4.44902181625366
-16.911190032959	-1.64910840988159
-10.2991676330566	1.48305118083954
-17.7886753082275	-2.46308207511902
-17.3355121612549	-3.16147136688232
-16.627893447876	-4.22334766387939
-17.2108459472656	-2.49503755569458
-14.0106744766235	-1.191969871521
-17.1304912567139	-4.27323532104492
-18.0059547424316	-2.25525212287903
-16.7915496826172	-4.48649835586548
-16.6858139038086	-4.29876089096069
-17.9561977386475	-1.43398857116699
-18.1073226928711	-1.07764840126038
-18.1615028381348	-1.9540057182312
-17.8851680755615	-1.64492344856262
-17.2053241729736	-1.23122549057007
-17.4394207000732	-2.52252101898193
-17.7929649353027	-1.33643484115601
-18.3526058197021	-1.78058755397797
-15.6633520126343	-2.85094547271729
-18.4543781280518	-1.25382590293884
-18.1693229675293	-1.25457286834717
-17.1371116638184	-1.66952645778656
-15.5549020767212	-3.55835938453674
-18.4834899902344	-1.67964565753937
-14.8541049957275	-1.33768427371979
-17.6905059814453	-0.764879405498505
-15.2952737808228	-1.22495412826538
-18.2618961334229	-3.23454713821411
-16.8551025390625	-1.47164249420166
-16.3092098236084	-2.92422032356262
-16.1800365447998	-3.31672620773315
-17.3267421722412	-1.738410115242
-16.5657939910889	-1.9538266658783
-15.3711290359497	-3.39120554924011
-17.1662940979004	-0.772765457630157
-16.9258346557617	-3.04897904396057
-17.0473155975342	-0.812298059463501
-16.5223255157471	-2.01604294776917
-17.5297050476074	-0.854089856147766
-15.7823705673218	-3.47453689575195
-17.3929424285889	-1.66481339931488
-17.3672065734863	-2.12792611122131
-17.9952220916748	-1.82928812503815
-15.7837591171265	-3.38640737533569
-9.67439746856689	0.30666321516037
-18.3374309539795	-1.48567318916321
-17.742359161377	-1.45818078517914
-17.3374691009521	-2.00682997703552
-17.3389549255371	-0.692502915859222
-16.2197608947754	-2.59809279441833
-17.3425827026367	-0.935496389865875
-17.9759845733643	-1.07432520389557
-18.1757545471191	-1.14855599403381
-18.49049949646	-2.39187455177307
-17.2682590484619	-2.23513913154602
-16.9141693115234	-1.95768356323242
-17.254150390625	-3.1990339756012
-9.67017555236816	0.292620152235031
-18.1690273284912	-1.94407486915588
-17.8839149475098	-1.43269574642181
-16.6561412811279	-1.34060764312744
-17.6490364074707	-1.78412544727325
-16.7676067352295	-2.30320239067078
-18.2886848449707	-1.16942238807678
-18.3505592346191	-2.11939144134521
-16.1660861968994	-2.48247289657593
-17.1830387115479	-1.85650277137756
-18.3852977752686	-1.52226293087006
-18.2554874420166	-1.42202520370483
-15.7708749771118	-3.60210633277893
-17.7321605682373	-2.34981346130371
-17.8055019378662	-2.48902297019958
-18.2313747406006	-3.27095293998718
-17.2235622406006	-2.16296625137329
-16.510274887085	-2.30209684371948
-16.4146327972412	-2.81869077682495
-17.4003677368164	-0.959671676158905
-17.7660713195801	-0.79414963722229
-17.0197944641113	-3.17889666557312
-16.2226810455322	-2.92866182327271
-14.2286214828491	-1.25718486309052
-16.0937213897705	-2.56646060943604
-16.9662971496582	-2.41269326210022
-15.8705654144287	-2.26992082595825
-16.8718280792236	-2.18545889854431
-17.7132549285889	-1.05133581161499
-18.5017528533936	-1.81344509124756
-17.5918197631836	-1.96584355831146
-18.4138832092285	-2.38956093788147
-18.0035037994385	-1.44272446632385
-17.6168937683105	-1.96774280071259
-17.1878566741943	-1.8053081035614
-17.2809715270996	-3.11703109741211
-17.1915454864502	-1.45608770847321
-17.3474426269531	-0.78724592924118
-16.1658020019531	-2.51098990440369
-16.2912063598633	-2.56613731384277
-18.0756397247314	-1.00752079486847
-17.4565849304199	-2.46750378608704
-16.191219329834	-3.50707221031189
-17.5093879699707	-2.10145854949951
-17.8444957733154	-1.58309888839722
-9.67415142059326	0.923558831214905
-17.028751373291	-2.35677862167358
-17.3464164733887	-0.696557283401489
-15.7390804290771	-3.40786147117615
-16.7839050292969	-1.52981412410736
-17.186336517334	-4.13040399551392
-15.9109630584717	-2.68482685089111
-16.4692115783691	-2.53025436401367
-17.5697383880615	-1.85991358757019
-15.7577123641968	-1.46955287456512
-17.7757606506348	-0.885035395622253
-17.6256275177002	-2.10663533210754
-18.1080551147461	-2.1065936088562
-14.5123977661133	-1.02907514572144
-17.8167381286621	-1.37711358070374
-15.9000577926636	-3.50186538696289
-18.337926864624	-2.307697057724
-17.8771953582764	-1.26550006866455
-17.6660213470459	-2.86714935302734
-18.2865200042725	-1.53422796726227
-16.5306644439697	-2.50352382659912
-17.3296947479248	-1.87164151668549
-18.3459968566895	-1.50385165214539
-16.1594944000244	-3.27286434173584
-17.4681396484375	-1.95523655414581
-18.2865943908691	-2.95653295516968
-17.7534427642822	-1.34717988967896
-17.7599754333496	-1.46389365196228
-17.0494728088379	-2.88750243186951
-18.3087596893311	-1.5495833158493
-17.141149520874	-2.03803563117981
-16.121862411499	-3.44105172157288
-16.2489337921143	-3.09952735900879
-17.629373550415	-1.48335909843445
-16.6583766937256	-1.75676238536835
-17.8020324707031	-2.01535964012146
-17.1372756958008	-1.93088757991791
-18.3357696533203	-3.10529470443726
-16.5083618164062	-2.51638388633728
-9.6175012588501	0.353460997343063
-15.6044101715088	-3.50369882583618
-18.3979587554932	-1.75747156143188
-17.3383350372314	-1.22312092781067
-16.7292137145996	-2.97485876083374
-18.0820331573486	-1.07243263721466
-16.3875751495361	-2.81212663650513
-14.2500734329224	-1.01623666286469
-16.0760841369629	-3.52881813049316
-16.8236789703369	-2.91147661209106
-18.4063568115234	-1.38561582565308
-15.8766574859619	-3.44220972061157
-15.9750547409058	-3.39211297035217
-16.1321449279785	-2.40503859519958
-10.5178165435791	0.327700853347778
-17.5413055419922	-1.88906788825989
-17.6199359893799	-3.15736222267151
-17.7111530303955	-1.07321500778198
-17.9743499755859	-1.278977394104
-16.7175617218018	-2.40229058265686
-18.2068290710449	-2.82803392410278
-16.8879051208496	-2.57845330238342
-17.6790447235107	-1.23479747772217
-18.1835422515869	-1.40273988246918
-16.5369186401367	-1.75369727611542
-16.8531379699707	-1.32318818569183
-17.8403835296631	-1.5552031993866
-16.5419864654541	-2.6629421710968
-17.9303913116455	-1.1913959980011
-15.9992160797119	-3.5340051651001
-17.9621772766113	-2.95112061500549
-13.6298246383667	-0.924198150634766
-17.0303516387939	-2.05710077285767
-17.408748626709	-2.01498913764954
-18.0772399902344	-1.91113150119781
-16.4975929260254	-3.33445978164673
-17.017276763916	-3.13968777656555
-17.1425437927246	-2.97969841957092
-17.2057609558105	-3.36430668830872
-17.5638561248779	-2.03451490402222
-17.1539649963379	-1.56115639209747
-17.6228542327881	-1.42164015769958
-17.7788143157959	-2.11550831794739
-18.0925064086914	-1.38710939884186
-17.9736919403076	-3.02554559707642
-16.2893905639648	-3.39449262619019
-16.906867980957	-3.12825393676758
-17.7192401885986	-2.2820131778717
-18.410177230835	-1.98476159572601
-17.5871982574463	-1.76440000534058
-17.7472057342529	-1.24906992912292
-18.2326202392578	-2.59642601013184
-16.6929740905762	-2.36689019203186
-17.4754905700684	-1.98006284236908
-17.7982921600342	-1.57125973701477
-17.431510925293	-3.07561731338501
-18.0781326293945	-3.32416296005249
-17.7952461242676	-3.38709449768066
-17.2302532196045	-0.737949371337891
-18.1341991424561	-3.35681772232056
-17.7794017791748	-1.64259946346283
-18.3523273468018	-2.86418414115906
-14.0072259902954	-1.25750184059143
-16.2093849182129	-2.71524906158447
-17.1429138183594	-3.07546806335449
-15.9001226425171	-2.07091951370239
-16.5533123016357	-2.99270510673523
-18.197566986084	-3.27871322631836
-16.7672824859619	-1.13481652736664
-16.3650932312012	-2.62160181999207
-17.657133102417	-2.12295866012573
-18.2278614044189	-1.36248970031738
-16.0288619995117	-2.50984454154968
-17.070333480835	-4.06214666366577
-17.0354080200195	-1.66684055328369
-18.092737197876	-3.29149961471558
-16.5390586853027	-3.15791797637939
-15.8739624023438	-3.24824571609497
-17.3369750976562	-1.90153217315674
-17.6118793487549	-2.51235389709473
-16.2998676300049	-2.21183896064758
-16.039680480957	-2.29795980453491
-17.9410762786865	-0.940167367458344
-16.3919277191162	-3.23715829849243
-17.0919017791748	-2.07178020477295
-16.118724822998	-2.59378790855408
-17.939079284668	-3.17744946479797
-18.2982788085938	-1.39966809749603
-16.4435214996338	-2.3347487449646
-17.9777336120605	-2.02089762687683
-18.4002513885498	-2.41113185882568
-17.0763549804688	-2.66239404678345
-18.1217994689941	-3.12189865112305
-17.588321685791	-2.51170587539673
-18.2100410461426	-3.29683470726013
-17.5612907409668	-2.42538523674011
-18.3389110565186	-2.43053388595581
-16.0447483062744	-2.46628832817078
-18.3212738037109	-2.69897103309631
-16.9727325439453	-1.37192118167877
-15.9154615402222	-2.55037355422974
-9.59921932220459	0.225626707077026
-17.4446506500244	-3.64578700065613
-18.2580680847168	-2.94061946868896
-17.8340187072754	-1.91437256336212
-17.3404903411865	-1.18561506271362
-15.108115196228	-3.26045870780945
-17.2297248840332	-0.814861357212067
-15.480655670166	-2.48164176940918
-18.1538848876953	-2.92688918113708
-18.2324123382568	-3.23870611190796
-18.1922779083252	-2.619873046875
-18.2206268310547	-3.28321814537048
-18.3294010162354	-2.85587120056152
-18.2105293273926	-3.01846051216125
-16.9896659851074	-1.85921370983124
-17.2950782775879	-3.2908239364624
-18.3550548553467	-2.6042742729187
-18.1739177703857	-3.31643795967102
-15.6041927337646	-3.49945712089539
-17.4575653076172	-3.15603804588318
-18.075288772583	-3.04347896575928
-17.970365524292	-3.40579199790955
-16.3924312591553	-2.32545781135559
-15.6627979278564	-3.32616138458252
-16.5866222381592	-2.64121532440186
-17.5031547546387	-3.46160221099854
-18.1625061035156	-1.44265353679657
-18.2876873016357	-2.61368441581726
-17.2543964385986	-1.77501535415649
-5.76485109329224	10.7737417221069
-6.25209712982178	11.3691329956055
-6.13519906997681	11.3770427703857
-6.53259706497192	8.53604316711426
-6.94695711135864	8.45129299163818
-7.98006677627563	7.69993543624878
-7.47396230697632	7.71611785888672
-8.05743217468262	7.43518209457397
-5.78754186630249	9.52662944793701
-7.0014181137085	9.35049438476562
-8.05119037628174	7.50849866867065
-8.09649085998535	7.39559507369995
-7.88016891479492	7.60477495193481
-6.14756393432617	11.3745994567871
-6.74017238616943	9.78334617614746
-5.88660144805908	10.2080888748169
-5.74095344543457	9.93232345581055
-7.77881860733032	10.0363445281982
-8.17237949371338	8.65732765197754
-6.4775710105896	9.73240375518799
-8.30748462677002	9.48334312438965
-5.66851663589478	8.83892059326172
-7.49858331680298	10.0923204421997
-6.04721164703369	11.45973777771
-8.5619592666626	9.37222766876221
-7.74743223190308	10.0272455215454
-7.02269172668457	9.00904178619385
-5.98385238647461	9.57247257232666
-5.92148447036743	8.430739402771
-6.38693284988403	8.75147819519043
-7.17574167251587	10.1615085601807
-6.0262508392334	10.1056480407715
-8.12226963043213	8.22255897521973
-6.00417804718018	11.1090173721313
-8.18735980987549	8.89691066741943
-7.94757795333862	8.74160957336426
-6.16476726531982	10.286808013916
-6.07257556915283	11.4609127044678
-6.42821407318115	9.98189353942871
-7.94985818862915	7.86775732040405
-8.16075801849365	-7.65790939331055
-5.99020433425903	10.8512287139893
-7.62943983078003	7.70248031616211
-6.81237030029297	9.61746883392334
-8.01434230804443	7.63888168334961
-6.58750104904175	9.49768829345703
-7.82779884338379	7.57821083068848
-8.51428604125977	9.16079044342041
-7.41247177124023	7.77109956741333
-8.12325572967529	9.41243457794189
-5.53477430343628	10.5786371231079
-7.93252182006836	9.01517772674561
-7.85699605941772	7.9376368522644
-6.21039152145386	11.1221475601196
-7.45728063583374	7.65846872329712
-6.29466009140015	10.0429592132568
-8.34891414642334	9.52295875549316
-6.19980764389038	11.3623962402344
-6.10148954391479	11.4610605239868
-6.06314277648926	9.16178321838379
-6.78242063522339	8.18056583404541
-6.34347200393677	9.26234149932861
-7.89873170852661	7.7922477722168
-7.92954444885254	7.6580662727356
-7.26494836807251	7.85170364379883
-7.3764533996582	7.63284158706665
-7.46958494186401	7.75592374801636
-7.75519847869873	9.85379028320312
-8.01056480407715	7.688720703125
-7.94193601608276	7.69880247116089
-7.90223693847656	7.62519884109497
-7.31590414047241	7.78298997879028
-7.23995923995972	8.22274780273438
-7.83926296234131	7.58273553848267
3.57245469093323	-7.67308759689331
-7.82307863235474	7.63360786437988
-7.61726427078247	9.15848159790039
-6.68838834762573	10.2538986206055
-8.16158294677734	8.49851989746094
-6.96028423309326	10.6858711242676
-7.96701097488403	8.87524127960205
-8.10704898834229	7.17473459243774
-6.82705068588257	10.4692697525024
-7.84615755081177	9.06893539428711
-7.57621955871582	9.82548522949219
-7.9549126625061	8.73206806182861
-7.60795974731445	8.84228706359863
-8.05843162536621	9.56898880004883
-8.22313404083252	8.9747371673584
-5.87945032119751	9.56140899658203
-5.61192989349365	9.54242420196533
-6.50033950805664	9.5005521774292
-8.30747413635254	8.97768974304199
-5.75958442687988	9.6183500289917
-6.2703332901001	8.54390239715576
-6.46958541870117	10.1377820968628
-7.37467861175537	9.62179565429688
-6.06146001815796	10.0240879058838
-6.12577962875366	10.7493801116943
-6.64809036254883	10.8729028701782
-7.54879808425903	9.33672618865967
-6.83731031417847	8.3505859375
-6.17351245880127	11.446457862854
-6.18819665908813	10.6923151016235
-8.04544544219971	9.10857391357422
-8.70479297637939	9.30283164978027
-7.04682207107544	9.72009086608887
-5.52749395370483	10.7237234115601
-6.16823148727417	8.96057796478271
-7.57698249816895	10.0370206832886
-7.71928071975708	9.28720951080322
-6.35941791534424	11.0444898605347
-6.46084308624268	10.4508399963379
-5.69606828689575	10.5214471817017
-8.07461547851562	8.78411197662354
-6.14082717895508	10.9403266906738
-9.88433074951172	-3.46185755729675
-6.42193078994751	10.9761772155762
-6.05473518371582	11.2703723907471
-6.3206639289856	10.4535932540894
-6.49638509750366	9.68614482879639
-8.27523231506348	-6.66186618804932
-6.32382297515869	8.4782600402832
-7.67846202850342	9.33097648620605
-5.68173456192017	10.6958703994751
-6.56886863708496	10.3338985443115
-7.92897176742554	8.70580768585205
-6.60005760192871	9.49866676330566
-6.42391777038574	8.41130542755127
-6.76904726028442	8.89710903167725
-6.01488161087036	11.4323215484619
-8.24466800689697	8.85347366333008
-8.66764068603516	9.3438549041748
-5.62306356430054	9.78726196289062
-5.88727807998657	11.2861347198486
-7.22807216644287	8.51648902893066
-6.03268480300903	9.72988510131836
-6.56688261032104	10.6620073318481
-6.50133419036865	9.17412090301514
-6.44430065155029	9.18843364715576
-6.16978168487549	11.0205926895142
-8.07935810089111	8.97759628295898
-6.19907665252686	8.75981330871582
-6.47972917556763	10.8517847061157
-6.65604066848755	8.86725234985352
-6.05289125442505	10.6504716873169
-7.47091293334961	10.0239410400391
-8.33545207977295	8.99228668212891
-6.90486621856689	10.3497447967529
-7.31869649887085	10.152172088623
-6.41365957260132	9.95644569396973
-6.461350440979	8.96508979797363
-6.03997802734375	10.1809110641479
-7.56043815612793	9.63488960266113
-6.02663707733154	10.4005355834961
-6.63707494735718	10.8161363601685
-8.70553112030029	9.23239517211914
-5.90546751022339	8.47654342651367
-6.57319021224976	10.8597793579102
-5.78748559951782	9.97480392456055
-6.28372001647949	11.1325740814209
-6.73210573196411	9.10693550109863
-6.81572008132935	9.61483955383301
-6.03246736526489	10.2876577377319
-7.7372465133667	8.9469690322876
-5.86285018920898	8.49201965332031
-8.25975131988525	8.54457187652588
-6.09015607833862	9.01177978515625
-6.50386714935303	8.20051002502441
-6.19674396514893	11.1443738937378
-6.38460683822632	8.57346343994141
-10.2114686965942	-5.27258062362671
-5.61036014556885	10.4539594650269
-6.53299188613892	10.4505815505981
-7.52764701843262	8.81020641326904
-5.60322856903076	10.1264581680298
-6.82467555999756	8.47444248199463
-6.8358588218689	8.78109931945801
-6.36744594573975	10.796799659729
-6.16399574279785	11.2529878616333
-6.69110488891602	10.8633718490601
-5.79172801971436	9.94120025634766
-8.717942237854	9.29150676727295
-7.87971448898315	8.02953147888184
-6.10862159729004	9.55755996704102
-8.25103282928467	8.78346061706543
-6.61290168762207	8.18344688415527
-5.55370426177979	10.3318967819214
-6.46225261688232	9.6498441696167
-6.72353267669678	8.389328956604
-5.87760305404663	11.0004177093506
-7.07631540298462	10.2965431213379
-6.19381904602051	11.5110244750977
-6.72825050354004	8.46316814422607
-7.11220979690552	8.49744129180908
-6.06718635559082	10.648609161377
-7.58258771896362	9.68829154968262
-8.28714847564697	8.95224380493164
-10.2060432434082	-4.49400806427002
-6.14630746841431	10.6541948318481
-6.92954063415527	8.71871376037598
-5.79847002029419	8.52575492858887
-6.36118984222412	8.71819591522217
-7.59501123428345	8.86562347412109
-6.63292837142944	10.3806219100952
-5.92128610610962	9.1740894317627
-6.6008768081665	10.1810140609741
-6.74069833755493	8.81329727172852
-6.81563138961792	9.22445392608643
-6.83640623092651	9.32265281677246
-7.99195957183838	8.33495616912842
-6.39688873291016	9.50164318084717
-5.90981817245483	10.6023797988892
-8.36457061767578	9.47311401367188
-6.11267900466919	10.7211856842041
-6.86436367034912	8.95301914215088
-5.5723819732666	10.8239850997925
-7.3505163192749	9.50690746307373
-6.5009593963623	8.74488830566406
-10.3104763031006	-4.83384609222412
-6.53366613388062	8.30182552337646
-5.53011560440063	10.5913066864014
-6.65000152587891	8.69998836517334
-6.01493787765503	10.3363084793091
-6.03518104553223	9.46733665466309
-7.14137172698975	9.25501251220703
-6.90778493881226	8.33721256256104
-7.53853416442871	7.94023752212524
-6.64009046554565	10.8941869735718
-5.94493436813354	9.65521335601807
-7.29804754257202	8.76730346679688
-8.52642154693604	9.28123188018799
-5.81541061401367	10.3363676071167
-7.19479131698608	9.48086166381836
-6.38236474990845	9.1702709197998
-5.76221370697021	10.7063941955566
-6.4483757019043	9.7547025680542
-6.64572525024414	8.94970321655273
-6.34075880050659	8.27700901031494
-6.15212297439575	9.44222545623779
-5.94122219085693	8.6439733505249
-6.8680214881897	9.14926242828369
-6.69804811477661	10.6250400543213
-6.00163173675537	10.0222730636597
-5.98031568527222	11.1204328536987
-8.34185218811035	9.05515480041504
-6.34616231918335	8.96964645385742
-5.81900358200073	10.4616708755493
-6.02738475799561	10.9704570770264
-6.73968267440796	10.2593355178833
-6.75695610046387	9.00876140594482
-6.37161159515381	9.84829998016357
-6.52964639663696	9.58917713165283
-6.79889631271362	9.34229946136475
-6.74613952636719	8.720383644104
-6.37297821044922	9.84764289855957
-8.23551750183105	9.64135932922363
-5.8398699760437	8.73030853271484
-6.64637565612793	10.9404382705688
-6.40325403213501	11.0238847732544
-7.2817177772522	10.0718555450439
-6.49310302734375	8.71994876861572
-6.85144233703613	9.20380592346191
-6.92690420150757	10.1118812561035
-5.64997816085815	10.6973314285278
-6.38790464401245	9.76218509674072
-5.51395463943481	9.87766456604004
-5.72783803939819	11.0089712142944
-7.83992719650269	8.75172996520996
-6.08238744735718	8.64719009399414
-7.29190826416016	9.79160976409912
-6.69379758834839	10.5873460769653
-7.90566205978394	9.16395854949951
-6.80471515655518	10.4229192733765
-6.62960815429688	10.8309535980225
-7.00983619689941	8.82347297668457
-7.0489706993103	9.25814914703369
-8.10410690307617	8.30378723144531
-5.80257511138916	8.7056999206543
-6.23075866699219	8.29987525939941
-6.0930118560791	10.9879283905029
-7.32081937789917	9.8638277053833
-7.2206597328186	9.94111347198486
-7.71743869781494	10.0070676803589
-6.83649969100952	9.1170597076416
-7.50189447402954	9.82588291168213
-8.64141845703125	9.28672981262207
-6.23085451126099	10.5313024520874
-8.23317527770996	9.02779388427734
-6.63618040084839	8.832688331604
-6.82316493988037	9.12482929229736
-7.75080347061157	9.58406639099121
3.04314923286438	-7.5930700302124
-5.8459358215332	11.0455265045166
-6.74187326431274	8.64482498168945
-6.33627557754517	8.79830455780029
-6.56441116333008	10.7310695648193
-8.22251129150391	-6.60694551467896
-5.69779586791992	10.5283012390137
-5.60792589187622	9.42254257202148
-5.86620283126831	10.9855375289917
-5.92848205566406	10.6506261825562
-6.28066873550415	9.02352619171143
-7.44641160964966	8.52782154083252
-6.471848487854	10.7535400390625
-6.10588598251343	11.2721090316772
-7.70634698867798	9.96599292755127
-6.805335521698	8.94467353820801
-7.07131052017212	10.0637283325195
-6.91604709625244	10.5284452438354
-6.46682214736938	11.0101194381714
-7.42186307907104	10.0125894546509
-7.6703519821167	9.93617248535156
-8.00146293640137	8.63601493835449
-5.82377481460571	9.08721351623535
-6.29546880722046	8.4819164276123
-6.52827978134155	8.73861598968506
-6.63833141326904	8.48351001739502
-5.88295221328735	10.0283355712891
-6.47627687454224	10.0272531509399
-8.30178833007812	9.23610401153564
-5.48709917068481	10.5247573852539
-6.64424467086792	9.9532995223999
-8.21022415161133	9.54500102996826
-7.21109962463379	10.1586980819702
-7.7143726348877	9.53125286102295
-7.52819108963013	9.40198230743408
-7.55733966827393	9.66310501098633
-7.67422151565552	10.0236768722534
-7.71220350265503	10.0788555145264
-7.33766031265259	10.232460975647
-6.16517543792725	9.61901187896729
-7.64714336395264	9.45013809204102
-6.86366271972656	9.51482105255127
-8.1675329208374	-8.67890930175781
-6.7851414680481	9.39525508880615
-7.73813486099243	9.96712875366211
-7.77800559997559	9.78802394866943
-7.25583267211914	9.75126171112061
-6.41466808319092	9.99106121063232
-7.23553705215454	10.1912307739258
-7.1632719039917	9.9174747467041
-6.71962881088257	8.88100337982178
-7.51992034912109	9.6922779083252
-7.29211807250977	9.18107795715332
