V1	V2
44.1070942154764	2.19194576773006
33.313341803245	-5.32696163008727
38.9348744895343	-3.80889380251997
37.5046740448092	0.225380218752129
33.4040769816897	-18.8126351139676
39.7832756157638	0.112173219614204
42.7917793327145	-1.84170837258688
41.8025921065379	-0.386484621115887
38.0200344373365	0.385427157648762
35.7051454494411	-2.45179332797122
44.3015145269332	1.82058686306414
39.2380085711589	-16.7846836290638
37.6984537365976	-13.9816698576171
35.3457949237218	-13.7394607059458
35.5304900481788	-2.5619642474017
35.1246008730396	-19.9490001190354
38.5304844426081	-0.0251895142294861
35.7702571116841	-16.115804997868
35.477644431188	-13.155180227078
38.253052423488	-17.0493989752889
39.3823691414733	-15.4807415152911
35.0546810138114	-16.5924726753874
36.564471335772	-1.93773630541986
49.5820667491942	-0.740613541244576
43.5263004508013	0.762538507164158
49.4442678812392	-0.265598774979003
40.5674891109513	-15.6621459590674
35.8670863380245	-2.39947607792065
35.6478650275584	-17.6788736328093
39.2006525515262	-14.3900168116351
50.2259969870769	1.12556761981445
44.1973395779716	0.325815627008917
33.3550229260079	-17.7708113216276
38.188846935973	0.76794974096677
42.9309787269985	0.859471385894267
42.1091085210293	-0.401499890549833
48.8138741355377	-0.901509317224189
49.3524930889133	1.41223982523193
38.3856834735019	-1.78492189390421
37.3917345717013	-15.0606623642584
39.7897223292042	8.96718130055192
37.7935096190633	-16.9119608778451
37.4544477304033	-17.4714523420879
34.6528403912413	-14.5791691779487
40.3209258298537	-3.66512065559423
33.9262725031284	-6.30425685339775
38.5477646950273	-1.89372116929532
35.7523482995861	-6.30499509767002
34.8224029062197	-6.61121714500357
49.8019868527341	-0.770214519176147
36.9458469308976	-19.2801382488076
38.091591845927	-5.06422900732169
37.7235088626529	-0.0469314826591365
36.5977520178872	-5.5409798426287
36.8735531879429	-20.4162237459522
35.3960191338066	-14.0653770380144
45.0413583235027	5.26329582322103
32.3906736626838	0.882449122793573
41.4424583831244	-4.16387145614688
44.1880632574561	7.96693710987144
42.6808521611866	0.0792639578375199
38.6402279202226	-16.6623795880641
32.9363616205743	-17.1194364377913
34.9666882121234	-1.74232305424371
44.6927731208152	1.9837307672469
38.2827034461795	-18.6166285910803
36.8249546891127	-2.26068145512007
46.5324141674013	4.66522188843535
33.5051473441154	-17.6609444676636
33.877079890222	-18.0020877837843
44.7061938002885	1.9090498316102
41.4113711549834	1.14464678136326
33.4742541552038	-17.5017808883128
34.8054912248404	-3.64526080963179
34.4771920556527	-14.3838688692867
49.0919310603556	1.41397376973448
37.4650513729199	-17.7133030395687
32.9845537422917	-6.00488337395155
49.6694868186856	0.167619565429195
34.4440491757001	-16.052222142615
37.6631802481101	-16.8684770536374
41.8596381506694	-0.514737136905211
33.629751960512	-19.2249005352774
41.0204111141651	-3.93002869681837
36.6720878859116	-20.5446354268319
44.713366668792	2.22170545221497
32.9461693861507	-18.0227389179559
33.3879197001699	-18.6233890529909
39.5387964174571	1.83744093949796
39.1819100843888	0.197251227384863
35.6184823088791	-19.7614462654759
44.2251710400413	7.66726117659671
36.307733427293	0.377994586278475
34.0410041879821	-14.1246440748182
34.9242091786502	-6.67780134988881
38.5362698243267	-18.0380118468454
48.9159978447714	0.0570523837705431
47.0818730004194	-2.76537813020646
40.0376273301044	0.336533721854397
42.5706255640928	-0.724943698861705
39.2555810479505	-1.4331938163402
36.4808094439614	-9.49369184080177
41.0900410231306	-4.55304187582298
36.8842371589099	-19.3895239038003
37.4117321340785	-19.0677226099734
40.1283156411249	-3.44035403122225
37.5355869212982	0.907163732598481
47.1638430627148	-0.97670305269971
49.8149258700451	-0.750863301262747
48.5227407028249	-0.329627517684114
37.9668341709511	-15.0707073326683
36.1232825695416	-19.6680324824216
37.4980980688275	-2.41831510574812
44.2510539290797	2.1475881397831
36.2494677418786	-19.2884261913372
46.5858606334968	3.2462473901752
38.4535940974114	-18.7958455585363
32.9946799722753	-5.79145373794239
34.4988451008314	-6.27147717128287
36.9499739800347	-3.02387580296298
39.0633410360437	-17.4023715448646
37.0709755392336	-11.8689153961869
36.703041591724	-19.7877229642733
44.3192409289659	5.92523136581477
46.4700263965127	-4.3951259952663
38.2485960215054	-13.6680589439388
43.9701559685828	-15.0142901218928
37.9465768450827	-4.92625038997206
34.0831914753095	-19.6519457998291
40.0713103274057	1.61262453052428
49.5056873061966	-1.68484299733959
43.97429788766	-14.97955411986
36.2766444556945	-18.5772585680462
33.9799222164276	-3.87706758518447
46.2914206644461	-13.4982272647428
47.0502736879399	-12.7491624920078
40.1610961090991	0.239439871496013
49.6163799422947	-0.433138334958875
33.4584093475895	-18.1572362825339
40.8933779800901	-3.96004124927007
44.1295432930314	-14.9521903685324
42.9070182029058	-1.27533499607913
50.4057279334946	-0.242602981895102
45.2364634400716	-13.5716809189225
47.009013461571	-12.1722878838119
42.0346277069742	-3.78093476433399
36.9606801081075	-4.9461469393979
44.1826128258558	-14.8569021333097
36.2592190560782	-17.7923402538823
47.1600019694858	-12.8209799545563
51.5706787447397	1.28717480424549
46.4215560205281	-14.0266089572034
46.5231879727567	-3.54691934448938
35.2272385683441	-9.63841106756911
46.335100606759	-13.3071332449193
46.0694300368204	-13.9485241845409
41.5093749612107	6.34565591006299
33.6399205420004	-0.0975497937540982
50.0846004888521	-1.27940512917829
40.6880704579315	6.22745722390952
42.1294192831059	2.56266644907447
38.4979502412192	4.58289041736382
35.9297946060188	-11.884921301042
40.088293514894	6.75144352683654
40.5598080786451	-15.7927599505406
44.2320278611379	7.20919766316658
39.2388624299329	6.94440613718628
39.2108863724074	-15.4843105577743
40.0639540603398	8.38604465876451
41.8298281552974	6.95389497984366
34.1284768069388	-13.8521312391163
43.2062208822686	7.34966868568372
50.4496956018948	-0.558127900371861
47.1685661923597	-2.67097732664118
46.1625619228895	7.02921189209153
42.572874683892	7.98448347460223
42.7428456268753	-4.73210780609842
35.7294855078814	-12.0145124237025
47.0313384733195	-12.8206576638609
44.2453138616397	2.59221483932915
51.0951178425293	0.639915288142981
44.9338345073383	6.23839146785282
45.0568609700355	-5.55249750439058
47.5508294783501	7.25739576164485
39.0486813656518	7.33868952931302
32.7486542617303	0.722171810876119
45.1399799147969	-4.33515521222887
46.4934511975675	-13.2415430168923
35.6550501764262	-11.8632253094491
48.3664862211146	-0.858876327721887
41.7463622938503	-0.413458198168405
46.6789329160901	3.13696983304953
36.0235068488862	1.30668135625391
46.8940144328766	-3.04578612689705
50.6692936377037	0.0439810233834751
45.2942756283602	-5.99453676090663
36.5204751601984	-5.53942247659321
46.9803298014987	-13.0177460004755
44.9045089313724	2.05735026685632
40.8955503192557	-0.594234272442095
38.9311188856009	-1.62936676466664
40.7966231848435	-15.5226837926665
38.5933192934676	-1.82193269260274
43.9644595705756	-15.0114427485228
50.8925303588471	-0.457583144803942
46.6531118178093	-4.4285986088938
50.9793790256818	-0.124492675171094
33.4344747640506	-19.2426864607646
51.1464529014168	0.0810158976787138
40.5129257988828	-3.27547708715441
33.0113410107992	0.0392109928712163
48.2977558924165	6.52846216840838
48.0986886412324	6.92932109424513
33.0058870037361	0.404124972655675
34.5879078084641	-2.96604989941704
36.1063732162796	-10.4301101324259
36.2165677771083	-9.50432187442551
39.7017682035092	8.17755776985731
51.8888807789991	0.354242298807965
42.7332082697287	8.24126824441852
51.1237762783082	-0.236207743117077
41.196953791401	5.08876833825734
43.800175407561	-12.9451830130155
45.3197502644674	5.53977705557281
43.6545986949364	-12.9827673830189
37.2074331001479	3.77221887658281
40.6486159139279	4.95316299260739
36.9120304990212	-12.8987734301768
35.4216662440855	-2.00877860001463
36.0739105675684	0.167551842277048
43.7705751753612	6.25162971520407
42.3511523454757	2.31357634859057
44.2658651563243	0.93350504219067
44.6801060050065	-4.40510561370017
35.9062298023505	-0.0699778756592459
52.2157394288506	0.673179222020758
44.746863586142	-4.53697115572964
43.2438236603171	5.33131926781306
36.8598339835675	-19.5458638071232
45.5969461261309	2.68923054137905
38.2258767010578	5.80500603858122
46.5751110466144	3.29033937559857
41.8412629293561	0.929572725555106
43.3849522196398	7.39069205140822
42.6695805593172	6.78846107961715
46.3145876137977	7.42471049419739
52.1780536314705	0.448863312873766
47.3343758829859	2.1595534775211
32.7605870786282	-19.0999174339391
37.8994247512286	-3.04717898578262
41.9704353591095	7.86036972990046
40.5514618177035	1.78849824250919
45.9468007788774	7.21402611303659
35.8767056747692	-13.5349565199049
37.4907845585791	0.57270839228789
36.8398945736555	-9.40253534599618
42.2909206453017	-4.74931200903293
33.9200945807888	-3.3424221724188
36.9385148192251	-9.20763257705213
47.2310055831416	-0.902874490275846
39.7201426091684	7.81798151442147
43.0644408423848	5.75268913211579
51.3658034805878	-0.772015809761971
37.0380841284421	-4.92048346163185
43.8369969318673	-15.1407012519576
38.2480666937364	5.47135087016981
42.0842135854572	-1.89728373398406
45.6497708226013	-3.82692972670409
43.7192194611354	-12.9434439573784
39.443148387098	2.0442270770491
44.0207360707763	2.47931504930772
46.3527887346677	-3.39248902633648
43.683305423754	-13.0040031906434
38.7313497677058	7.66912010451055
41.1724734507492	4.93314663991469
38.1263128752634	5.79266421813682
36.6003248834352	-4.46446980028242
35.0110309706048	-6.88668107907498
35.5139309391884	-18.7441596107415
42.9519279010198	0.470193504527459
33.211731839257	-4.84534135924328
37.307300821232	3.41697020338999
44.1091032744569	7.77039377875194
34.4125627491399	-14.2479725859851
37.8374895410863	-20.2428593307889
35.4938986829586	-7.52643500737438
39.9684668336616	4.51460452234314
47.4883044869863	6.71240313204155
45.5324907403181	6.42232042759509
33.05650522074	-19.0513550048278
40.2189949107317	6.05816235350008
46.4239188674653	-13.3983987174474
33.6135916218115	-1.03959602567492
43.5879260063704	-13.0198945866514
37.2768163817749	6.6082060710785
47.8073452890128	6.5151381897782
34.978865770733	2.03689068110094
34.8733419159609	-0.251426356349123
41.2044519997928	-15.2052045989031
38.7144998633845	4.69325418879254
39.9799887093089	7.53795698113443
44.562614430831	3.71071129295735
38.7907486511973	5.32091699581673
44.7341057522004	3.98005569834122
39.4888622428005	-14.8399511437113
39.7617900097011	8.54374478844208
37.6003886179475	3.57022648057333
43.5396178912453	7.23323421833096
38.047183478196	5.90067972468704
39.4852526206307	6.84704471931117
45.9739441315061	2.24988462905393
42.489621132135	-0.725638222881399
48.648019428709	-0.36233365291283
34.2053043125404	-16.812592281601
45.849905149365	4.90127562600059
34.2171315651106	-6.40230643956478
32.6451642446964	-17.419669519633
37.5121710803734	5.53862249030145
36.1202371005899	-12.8870088605346
33.2445993702568	-5.72305211014908
35.349816341048	-19.8597399768351
34.0549268846993	-19.7750083830022
44.2800127068413	7.7689289119455
35.0977358239264	-20.3881299646185
44.4312213991092	2.00619030951336
35.4542915182983	-11.9389594610265
34.6911158743714	-3.89388854502864
39.5101103231164	-3.42007388978091
35.2339324675184	-20.0085333604804
36.6360435114991	-16.1869175877008
46.2546141649876	-3.73958632449103
38.1457759395969	4.05447930118338
39.2223194877598	-0.991596832163116
37.4809263337027	1.96099810989429
35.7453274929608	-16.0281848594015
39.2734863034777	-1.58131734367216
33.9086113202564	-19.6914891293779
35.1471684453394	-20.1356317902411
45.131177914199	-5.44967253785585
45.8612943311898	-4.16990357382042
40.8635603184808	-15.5090605161501
38.4365273804986	-18.8846164473327
44.009961686425	-5.2169184503902
46.9690615190541	-0.957764346921313
35.1759124902559	-16.5219975358665
41.0825509742031	-1.08994083033346
45.7676239344725	2.44941190539062
37.1372639744331	-19.2541531191574
38.5016809098155	1.20534417203904
47.9824796808449	-0.625158985780149
36.8239099828507	-11.051940870624
39.0831849726892	-0.277400000975192
39.7699000153879	-1.29126381652595
39.2673681240764	0.946817677335313
35.1653613121491	-19.8902441633634
34.2850058606891	-3.79501026892533
45.9568076423131	2.50170857360872
42.4468878102659	-0.358914661922096
41.5672779274705	-2.40397412940246
35.5069430436554	-16.2610631555171
36.386720391108	-9.9090775124725
34.3722910017436	-6.38378495442717
39.1867491987274	-16.5539815187398
38.5639019266402	-13.94316357105
36.5781723416534	-5.45675940480662
36.0638062211254	-14.8594245174183
36.3831062540753	-17.3529694285215
41.983475183529	7.1203964683427
38.418929111103	-13.732411818164
44.3221089363677	1.81079276671211
44.7371290940007	0.23947687015454
35.1386057197155	-17.0886046968709
38.0191028300279	-15.2165000624187
48.7517067963936	1.3195559143195
42.1987742737971	2.08881210105222
34.9441430155127	-9.04577695996092
40.8211212193064	-3.70097313497989
45.4841015799153	2.67975818491938
34.4598700796343	-14.3331878092769
36.700081205607	-12.8347195839323
34.1967978192177	-15.4792593569771
44.6979673359908	-0.654002004456123
33.7472951126176	-16.9706690014171
43.9804152930863	0.177347036286557
35.1583130619232	-7.29979735671553
36.5144828946056	-1.27306341192007
43.4222210572844	1.64162197424091
36.6704542824332	-18.2001534750124
37.6137234310301	-17.2248455938321
34.472310672373	-15.5799317362381
40.2991457088278	-2.06706677409108
34.5977002304974	-19.8007465682014
34.1547047708715	-19.7527360681933
39.4378986939011	-0.309442196302256
40.5030114293747	-3.13590530001554
49.5795098752315	-0.925499129012263
33.6183185828136	-17.6314941719042
46.2282476537099	-4.49602990081318
38.3613743717857	-1.881747239707
38.5271685389744	-1.89045996327948
37.5185531424884	0.451289180106188
36.2898750059758	-3.60830784756363
36.4868995709316	-2.83270471056195
37.6880675400373	1.17241684589278
46.0418170494447	-4.31707454873741
37.5238718221239	-16.9833175868558
38.1679185461303	-3.41309030182008
33.602531976257	-16.1403405683156
33.1496147531537	-18.4619998398325
38.5015950817675	-0.421601103251934
46.9339419331421	-12.11664938709
38.48472986208	4.9504935656003
46.6236084143437	-4.39686933964203
42.1432580451817	-3.58763694276414
33.4757934135691	-16.3942784605988
36.9703162305873	-3.75998238050059
34.5925560052429	-15.90971432382
42.8934994661032	1.1852289675377
34.5167567745966	-16.7320549213956
40.0830620925125	-3.34005826961412
38.0151444462209	-15.0590394634706
50.0070391961699	0.119821268402145
36.0843649733741	-2.5474976009045
34.8409349241031	-9.88038911328108
36.3942184977932	-20.0858589241057
35.030010755442	-6.80412986986072
34.5072339160962	-3.32647694583871
34.2677181640753	-3.87115754536161
38.1941083268977	-16.4244657646026
43.6683475004603	1.61319319777693
42.2187759462289	-4.21959424156861
44.5030404611994	3.1258570390485
47.7595493132949	1.61764706284773
45.4863885485817	5.31157754939399
34.3724221029432	-6.38413553032066
38.5326933094378	-16.7660559340502
38.719307181893	-1.89168545431573
36.3000111873498	-2.88126820108012
50.4771684384426	0.246119203207956
43.8303947749243	-0.0439998032266811
36.9487190899824	-0.161952701395846
37.2268296071978	0.668082899002275
47.7256025557579	5.08887873215933
41.6535299025654	-3.76453222306727
45.4349216913252	-13.5652898049689
48.2316033541217	5.40806142054607
48.1412075947337	5.03847826409524
36.2969011733313	-18.6594034331022
35.9735921665073	-19.8662493328196
37.4218189627992	-13.8806327257801
38.5059961771554	-3.39823558936417
45.6364582910343	-0.92084657327532
43.0573969284557	8.42566860750885
40.1899623229419	1.25540424855891
34.9747748817868	-16.4810199745905
47.7772036252782	6.93096970050588
38.1540120809158	-3.38887707894284
44.616237321892	-4.93231462916425
44.1194177831616	1.45048813355484
36.9614769381874	-2.91882395452635
44.9577649099733	2.28708416872924
49.8410976922912	1.12670475675532
41.0126622571928	0.91044533907094
35.6316645199122	-13.9232772470174
39.3952699055067	-1.07594012599877
37.5490140021565	-19.2588686566118
45.9024936602166	1.77741932780026
36.62069049618	-18.9857452302015
36.2723140795048	-11.796403458623
38.846010945447	0.660548536506066
41.8603788814624	-2.58498041042867
44.0047466025419	2.39517488281546
42.6861678793142	-1.05775118410348
40.104173886112	-15.222200400926
36.1351192203941	-11.5532395853925
34.3259364138521	-18.1069819636415
35.2830971754582	-3.68642084308418
37.8010307463549	-15.1081996857383
43.691625257745	1.4846539090628
43.2680611968403	3.01151883490584
36.8347871738134	0.44670689693561
37.1539217155743	-12.6495612890937
35.5440547726837	-12.6112329620229
44.6683901886077	-0.799783075659152
35.2186597508392	-16.7973459214599
35.3838685004439	-16.6248986213451
34.7100005545892	-20.0465989324242
38.0954017620079	-4.80048314637017
46.5484991635185	-13.2671382107615
33.7307215269277	-15.1290932236071
35.1794448077181	-16.4939740607147
34.1823940075789	-16.065555406099
33.6867058130514	-15.0283893916871
51.2421844751618	-0.457133792252759
46.3183425381923	-12.6829223804464
47.6790694284336	6.48309820497942
46.048801981407	-13.2212401746467
35.8853448780551	1.83314607511017
46.0425833880227	-13.6986078032822
40.5373825890537	-1.07271039948408
35.6493458145126	-16.0854989063739
34.0855125253325	-2.13238301514464
41.9676428967834	1.07454179010234
44.1496147322169	-14.9110835922287
50.6319207025891	-0.030735888985909
46.6407392685091	-13.4608004680131
51.1381031193134	0.62141947385271
46.5417329507372	-13.1009170348406
44.3475499565239	-14.6706850302726
36.662447152959	-11.2510638811832
51.3075044180194	0.00287016755841452
46.6582140672283	-12.7759399663673
45.4928327891976	-12.5224418079486
39.483822557118	8.89348615596898
44.6743420243626	-4.33893585874343
34.894243632242	1.57681594525193
39.4712922343776	6.75833524340339
37.3844028625266	5.14783315073959
39.3041993339562	-17.8996583164316
46.9887114761854	-12.3852946667004
38.2275743122048	6.78432850175247
51.1437671081037	-0.139326934128115
38.1582087820363	4.81413575172914
38.9820878065455	-14.2921535432856
40.1265119963021	4.6439334246313
50.533152472805	1.10229442015548
45.6529650308156	-13.4880634163152
44.9039722501392	-5.3551411807779
45.2867361097937	-6.60758524763318
38.6281868170237	-18.5104194368233
37.7258355867618	6.10735973157677
36.8968373747187	-12.6315345053924
45.1634944672028	3.08752593645153
44.1977292112783	-14.849838567668
47.6294734772621	6.61396098323069
43.4817216237037	-5.24770343947253
46.6639710578774	-4.42667853304284
37.4800227335556	0.705321324311742
47.974061473349	7.07461789791536
33.7478726452002	-0.575428311277137
49.0563250604296	1.13906551063729
42.7688054399862	-5.16502742907532
50.1921127065618	-0.122677274035847
46.1678554199102	-13.2988030260384
38.6930804106921	-18.6413514745188
44.2975663618614	5.25913217125487
36.4930064981625	-9.86590871300232
43.9504713373202	2.74387071009601
32.9840381975996	-0.0106881569003694
47.0325866405303	-12.4034513086027
46.9988546100468	-2.8817639531461
47.0529005827194	-12.9188719959948
50.9005406265712	1.22740357324037
51.1856212209636	0.606132695217279
39.8864585249703	8.65483343778924
38.0822059116784	-4.77459561582698
44.1870389119869	1.43903407029646
38.6656769395259	-17.5544487324085
37.8199285995999	-13.1074291280436
35.2775543719164	-1.73165611454167
50.8184228706949	-0.158631896697497
47.0226281356194	-13.2060392963402
36.3911818797941	-19.0844927618009
35.9473541313533	0.859752442961645
46.996117736143	-12.5794813897645
36.4001482232069	-14.3409595194613
47.677226319124	7.0715289026736
44.2716176075504	-14.8071145788115
44.893587638393	-5.55983018243153
45.2678785207624	-5.39649329431707
40.663024117698	6.93765063506931
37.9413414986841	-0.303007922646421
46.3490194616617	-11.4929222210388
37.661761567994	3.57668014704726
42.0191559863283	8.13208822785601
38.5493656079804	-18.7156930193437
51.1860805110257	-0.294667557480426
38.2263857662577	4.82455294509891
44.6198214903909	-0.0924873675979878
35.5355451961921	-12.0847421067432
35.9198156921909	-12.1210928609494
39.0267309450135	-14.3569951665141
43.4424330088994	-0.164079662635605
39.3329499908222	-17.1913582090817
38.6053420960577	-15.4345667110241
38.0668890169971	-12.9028217876358
39.3765040459433	-17.4083642337627
32.963989603284	-0.247252724752666
43.9094337254026	5.86792694402594
45.0147791688788	5.98059806044851
34.0815192388597	-3.56850543652418
37.1736080228939	-4.54140843849955
41.6536303985465	6.68528131068336
33.7358199409928	-3.73099980773532
33.7492691041282	0.44145090375764
47.8912527797601	6.84173873589839
35.2903667323425	-9.57098461403647
33.0944985721898	-18.3245443766046
39.8645663898561	-3.66609396103414
38.1581904398211	-17.0521753432781
36.4769277808416	-9.83380356639234
37.6844757592531	5.39158374255348
38.9486760706499	6.76838369403114
38.4543141115049	6.21854118805882
40.6379791408158	0.0238164870554885
46.8684271590609	7.4052845747727
42.2980955863007	2.3068825445564
44.0276825653132	4.64835861273262
43.2565241074075	8.10552693793192
40.0772491929885	6.5282839432277
46.7003699301793	7.62136414224772
38.858140816866	-16.7654959064498
42.7689004958474	-4.25991156701813
35.8247397895151	0.56496014562273
37.669001495791	-12.4993748910271
34.6643131044592	-3.57839057514625
37.8176747603117	0.954344449530173
44.3128416492308	5.75106027800446
45.3429967338105	-6.79917667297158
42.6999295862619	2.56798387563202
52.1241070392068	0.823144640972659
34.4545892590943	-3.33066472490457
39.3677958952125	1.83930477225791
51.6607520397065	1.46107414877934
33.5623720054956	-6.09897642311616
47.3744655307911	6.70122869778334
32.8228612007979	0.386386023523727
37.7469476327228	3.87143407707286
43.6596215426894	-12.93217272754
42.1237169864084	1.28548243715262
35.1489352486077	-12.0317726329787
32.8565585077387	-0.117196855988372
36.3768753026631	-9.39190358328343
51.0243861167452	-0.513394509390179
45.3478939724365	-7.19599623072034
36.7662502844045	-9.39799747937152
40.3466456756875	7.62823974280068
38.6807370287441	-4.31113444543085
40.1448839483813	6.55776965729168
41.0719893389456	8.0156484883493
36.417149330185	-4.29247525380191
46.4242625397686	7.46050503471444
39.377269385505	6.55705730389928
34.0893184840928	-18.4254974904198
43.2180469491661	7.42400831863645
38.8153781411287	7.71438262947127
34.8100741107628	-0.506146382233357
38.0836018934547	4.342199031173
51.3331305821718	1.64156095874846
37.7709021953102	5.37051487568188
33.1075797605569	-0.736152849784784
39.8071531033349	8.70130272702485
45.2579503809164	5.89069105101385
36.735297797186	-9.58578731701443
34.8446314953704	-19.4830443473316
42.2068395662592	7.21258367959442
44.3277315377214	3.10645460638516
46.2367429712085	6.9950741498297
42.7170239086678	8.25611159472584
37.9354845746019	6.96620909632188
52.0603738983538	0.655478783329082
37.5398554181203	-18.9841855787337
38.0330863191116	6.32426714013316
51.4888431215994	1.490359823446
37.4936267239794	5.14985725221573
40.0857120954543	8.61448520520865
36.4279173098158	-19.3153552655263
39.477297453475	1.81471493361402
41.2394581234399	-0.274247100966114
45.0054746953898	2.48570743083073
36.9024519985498	-10.5344963658451
45.3343514480979	5.41248960051244
43.782929660337	-0.30485288536371
43.5311705302575	6.52577834538895
52.1106740083781	0.407387462824363
51.3855741215831	1.34470539700831
39.9759529614084	0.36991010599494
34.6883665821555	-6.65542545946628
37.4694358928868	5.35513390426274
33.8503737129539	-14.8464141666941
32.538705802698	-17.296401259315
40.2023624364489	-15.1089410151479
35.4076169553699	-6.6132460841486
46.4417500930231	-13.1321991247739
34.6388022547306	-6.63148224600965
34.442673261246	-5.54909694560968
34.9980091291405	-6.78134145638969
43.1650844021751	-0.888374460125053
33.6278429287382	-15.861854318305
37.2572700192917	-10.6443906253292
37.9473605648109	-4.94181432900245
41.052151723107	-5.15265966993093
47.0415009725103	6.92190564649007
33.1713000500785	-5.53047760288226
46.2307167639678	1.94207669668334
38.4489088397093	-16.0305354180496
43.6498717899729	1.6590050870781
40.1090437125308	-1.31054081674622
37.7814306135535	-20.216404573773
39.1310878501452	-1.52674433176931
37.2501453929637	-17.5398190778671
39.2671411908633	-15.7734147650305
39.7605878909633	-1.94745226751132
34.5953268398091	-6.13962294140828
44.3843410181198	3.01321285924053
37.730910344131	0.423203004602655
45.2942920047709	-6.79840364486889
35.3828001593971	-19.9678990136791
46.7445248389226	-13.0464865089443
41.9473660087907	-0.282217104314386
34.4540056371752	-3.55239692224549
36.6305524190002	-18.8344228270024
42.3296075109759	-1.96664912114596
39.2154134614978	0.0670841288524936
37.7611661334267	-11.7735779396264
41.2390833537756	-4.364223752993
40.884364451226	2.10854164888979
48.6739323251998	0.16781934162605
36.1122198023906	-20.044111055407
34.5347482737152	-6.44609554576228
36.2605030203749	-12.6793022818791
41.9541148935884	-2.76759046239716
35.7440203961332	-13.7316009260785
39.6453950178062	-3.78778292828777
38.4042148875779	-2.08434199228816
38.9187161444406	-16.7892789258645
46.8493500858795	1.64896824093192
36.5758334916389	-1.63909613953193
43.4565213157872	-2.21903275611341
35.4250532797803	-6.64019943779837
39.0636645699175	0.122430314630417
34.6325874468176	-19.8610847081567
37.1933310797236	-5.25083176219762
35.3652446876243	-13.7931029262062
34.5438529397462	-2.48832208430036
46.9822057099803	-0.902335801594516
44.6573215916881	1.20376102300586
35.8048276302119	-2.26211841665711
40.6410164523511	0.992938083371992
36.7381036510829	-4.24682465213034
35.1380763229075	-16.5360980764125
37.7069429941312	-12.5712980129086
38.1182784713441	-15.374432706066
32.749405801208	-17.6390881431079
48.2711558247175	5.28806492512585
34.3336601372864	-18.565864715782
40.1452577845044	0.73362391326493
37.6327823662218	-11.6531967321998
33.2368225981207	-19.3854132842624
47.5501313999373	-0.943454180410969
33.2636685343705	-17.4424361698551
48.013090922916	0.467589343086794
42.3615908373946	2.46404266847852
44.5296682809191	1.16839608986493
38.374105249817	-16.8567897285895
40.2947810439789	1.45143134407086
36.8813771444232	-9.31653026302848
39.8642344181385	0.372288194102236
36.1342213250412	-6.04236918260616
37.3083660723908	-0.267243507153418
37.6655350176501	-1.23844740961293
46.3627340271971	3.47450736575404
50.4551339601264	1.40412466024116
36.6987905126255	-19.282644011064
37.8612328692087	-15.4344533076599
36.7823066961452	-17.7224687802311
51.7245012926599	1.53510242677602
35.3254019079592	-6.61785558037552
37.366111594363	-2.54548224460205
34.7757202125351	-5.33014543986494
33.2711264026761	-16.6088783137454
36.5045802621314	-11.4448688568224
48.834516305728	1.43330040062192
37.699662080386	0.584062863766752
43.3386737030752	1.4268095618096
46.0468574600329	1.90639578379262
42.2452080099093	0.865105926591599
48.307198594964	5.60954060468106
36.3667089384644	-12.1748111371721
36.3732505353903	-19.1921342938258
36.0496179371203	-13.7019094485689
49.64183995279	-1.20140475173994
37.8297212734511	-12.0451755317303
44.9015065768056	1.21754404036093
38.5646139197991	-18.8463033170783
37.6617793665341	0.31176609175678
34.5411847128425	1.16186283286344
44.3798135415242	2.80728677395889
36.4866292825945	-12.6867568471317
38.853789783123	1.3292246853829
45.0987905964332	2.12312133213093
33.2890942293097	-17.478682156005
39.1323077903451	-1.60022966922374
32.5677583670905	-17.1799210208932
38.8805063056915	-18.6831358088761
40.5346819216258	1.56249262270115
46.5136281651888	3.51422263933236
35.2035835108805	-18.435306422995
33.683916713592	-18.9126921261223
43.6083212906794	5.61975188268109
45.4915204990428	-13.633433591847
46.4288580720408	7.20062252877737
44.3006638259752	7.67583949629424
35.2035815447883	-1.67777621631237
38.620269655749	-18.0742097278444
36.1873239374937	-8.79789313676502
36.6466813718388	-17.9284796017658
41.9951308517082	1.3302773050004
37.1907036897257	-3.0322915505079
39.6617166476907	-16.7139071294287
46.168254085453	0.354372877559156
40.3597461237763	-2.99320182825668
49.407622543907	-1.48759229491966
48.5852997725925	0.177559537845389
37.6140358027648	-12.9210131980769
37.2108830583915	-2.93510575684694
36.8435251693444	-0.047592274165686
37.1068674723036	-4.75171895428948
33.1741425197763	-18.2151138558162
40.5930430677499	-1.75328224911545
37.6892411422455	0.766109371899781
39.2951060671477	-0.568802027094361
46.8459835180626	-11.8354696324296
40.6990241937327	-0.922244689521357
48.0150250503071	5.89555681140882
35.0619423451017	-16.7849753328836
42.6114549363962	1.11268375199704
44.3341620631996	0.112138779981824
37.6923269451217	2.09118270417032
42.1317099055332	-2.91069786560994
49.6662701996538	-1.49272169111957
35.5794439936075	-12.2379689329622
35.1128847171142	-2.82724503862467
36.0366470942874	-18.8096199174981
40.9935968912971	-0.449794625715616
34.4450065030607	-6.32574673159276
39.1810179342829	-0.959416707200564
41.9445802617762	-0.718302348108034
40.0272623995151	1.88797298103177
37.4541509867595	-0.922855133085861
35.7989637789921	-17.5532547064316
46.9240535017287	-1.03490099160713
37.854292531532	-11.8002979067522
37.964215358305	6.80844402434615
46.696130293672	-12.0171309123569
33.6581148606921	-3.66448361566138
34.9135517337482	-19.4466415359986
45.8497613734915	1.92762528242584
35.0607853732239	-17.8682643578081
46.3955970248859	-13.6614284877856
46.3614334120862	-13.0190213978684
35.2709562002925	1.93265666888512
41.8953004792603	-3.26644090529067
35.5862435973549	-12.0160490018822
38.3807549835721	-13.7397572548866
37.8449449390907	-0.367390263635344
51.2721454227435	-0.271077093867782
46.0941236977664	-14.0563483446768
46.8477381011068	-12.6828455290238
33.7600160343389	-6.84996457667455
46.1282259338362	-13.2532991561564
51.1461562169798	0.448886319782902
49.2076292030938	1.24849213988034
38.9849522728589	6.19055687143268
43.0920742091358	-1.55504169337398
34.4706554409162	-16.4342485120143
46.5364940067078	4.01201139436945
46.0693074699585	6.90442360754721
41.2292491593748	6.809848368242
42.812794024354	8.30608273540359
32.5034534294466	0.0105811240872282
38.9475714457701	6.1192417631185
44.2958059103163	7.48756445908142
43.2318988915096	7.32777767664879
39.7562947577525	-17.0310070590172
39.2773346236003	-16.4073755447751
39.6356479507336	8.7763564079168
32.5687377008889	-17.3061390774321
46.2557707319153	6.93357804998568
38.4946114826436	-18.969763075491
34.3085528870816	-20.3229834093268
37.8280637379316	3.80010246971166
50.1696572611485	-0.300542479415419
45.3007083198953	-6.61004134426891
45.5558357875342	-5.46491340691301
45.5703822980995	-5.62569009404874
42.4920210470736	-4.42370721737761
34.3458870642908	-13.5946119338305
50.817306324107	0.98762810857207
50.9858212977554	0.528305892483739
37.0241541477051	-11.1532908716017
34.7414963966888	-9.43844166027451
46.9368046760187	-12.7199070112322
44.8074987668491	-5.35410470662536
36.9453206536961	-18.2690535612937
40.1302946228711	8.18298503593797
45.9571735518059	-0.936925193861294
32.8971805983372	-0.20157856579609
33.9526149271694	-3.56562508879579
38.6551721782497	5.51168668640451
44.1625931721674	-14.8643815440705
51.4767229185579	1.54174956943549
37.5005738291714	-13.3242076988572
43.0801122161222	-1.54486065350432
46.4360505820989	7.20728678890127
45.7942465397254	-13.4440165844286
33.8139327398482	-0.643913993527532
34.9367661128707	0.0730968741830599
50.3819357571435	-0.71494429154879
36.655669427771	0.397131494545704
46.8548426829232	-3.13447791803761
48.6777877247558	-0.386632620105982
36.3251746999315	-19.6623044314671
49.1829307634621	0.593472690475839
40.7487805019903	-15.5732030801
39.278638659971	6.35469985736922
46.6183654643699	-13.2081607883152
46.001758031466	-14.0754217100696
45.9816703476412	-11.9682654920265
32.6978870287884	0.486216230664174
35.7328456240949	-16.5516379779305
40.8421768999361	-1.03255270938772
48.3036510750037	5.30941345113934
33.0140304170219	-0.227335707370717
34.0965976710942	-1.51493752605868
32.7012128279942	0.58836712362507
36.1123437194711	1.01047971402818
37.8922744101791	0.996888511958421
42.9161338790187	-5.05950286901125
40.9076002827943	4.37532747143997
33.0828743646749	-5.7187020388586
37.1262014852442	-6.82576303787115
39.230503460241	1.42119980170688
40.2655065977172	6.44458176573025
40.8210616149206	6.72103235334583
33.7584620927451	-4.84348094056576
37.9775767881419	5.15134656964893
39.1488630150466	-0.369063654834125
40.0288491081025	8.19074187573353
40.812540195661	5.7397748555764
34.8113777001314	-2.83190754347249
39.3895871336024	-15.8060368564181
45.2891681580936	2.84071237033492
38.9855191682007	7.76239542403352
36.1077940582493	-12.7829232614665
41.8342440906003	5.38699709954738
32.8347931980647	0.12239508388827
36.0032988085692	0.481614963357992
36.4211932439815	-10.9887745499058
39.3826156871315	6.26947663022878
41.3392662714808	6.45898953373277
34.5515249563303	1.61942821685741
39.9049468075702	6.87217214332101
34.8959228541833	-6.7185761600536
44.9540238380286	5.45467660483422
45.051233231997	5.83438586380114
50.246480150533	-1.41973431295356
52.2383530465338	0.591229251087826
47.6612325953592	6.65643279893577
35.8080725302303	0.517819200374398
43.4527811269163	1.86452094858282
42.9255687155644	7.89597361758379
42.4139671698949	-4.16057248168503
39.184632074783	6.56152161509656
39.8713917730362	8.67764970129524
37.4226371418008	-3.06383372225407
37.4681677929784	-4.60889296184905
40.7583263241684	-5.05539481331015
38.5222677430421	4.53045723874621
42.935607560109	8.20578870824771
43.5089094642094	6.50387366117581
39.7833048063081	7.0934052190398
34.6242697172442	-3.03159647712274
42.0756877033192	2.50503836452555
44.2657344973296	7.52067509757185
41.8110588166926	-2.67391498105439
41.3259545077358	6.12083105663254
42.5003093380248	-1.78168098310493
43.9780164586103	2.06660855210406
33.4472219466441	-0.500011207399404
39.9381738144778	7.95478832123895
38.0425385950771	-13.8990429626286
41.226956526831	-4.0366298056285
36.0382754104554	-2.75407795602192
47.6740007406737	6.67239554493011
38.5433727360462	5.1330856127857
46.3254515574982	6.90174965534802
37.4707854750281	6.28975492768706
34.3294625490017	-6.05937465069483
38.1695500263491	-16.7230967966115
39.1207049180185	-16.3539212828209
48.4004653926318	5.37259829515237
33.766492792749	-3.99666261145949
43.8845216531364	7.49149219069007
39.9661223750261	6.4792495061876
44.1353019808356	-2.25571847153551
38.292649917266	4.41273348553038
43.731199874752	5.59093486258854
44.4486091378877	5.68155156842089
45.3086371334578	5.69846987287358
33.4325639197168	0.263390938580119
34.9490839107182	-0.161482844836719
41.9802364400958	-4.02996648567612
32.7269921560301	-4.75718625761424
46.8920521707381	-13.204641299633
46.6269523826672	4.80592490831141
48.2835841966892	5.65112379014508
41.8863078377755	1.11953896992799
42.9179577701629	7.60249572959914
37.7551655613809	4.55480116826868
44.4801536170044	5.79854980629617
52.1536901186685	0.616460084990324
37.1596327453488	-17.821587598306
32.6148712836074	-4.68382620467056
38.4318500200839	4.17803803489571
44.0685752681201	3.72715007323244
46.3796999664255	6.94438780928923
42.5396325539618	-0.966395746831742
47.040785645067	-2.86045915329343
46.7906407559577	-4.29283369532361
36.9287880898298	-10.8130551723566
37.9904553362998	-15.3792879205131
46.0698646091712	3.14890026279645
36.7335596659242	-18.2874423717013
42.5204530600125	-0.792768988878195
35.1766544555795	-7.26637666776394
46.500520255609	-3.73416678440584
34.4149055786883	-6.48116393423939
42.8391317377333	8.03431625384053
35.9466145546638	-10.4188255182443
47.6455005284743	6.53019289766211
40.9927796227614	-4.57877078998634
34.9605630408916	-3.13313356463299
37.6951649920622	-12.8273658409023
40.7530098927695	1.98653517097469
38.4161646404992	4.11184374436204
46.0357173910069	-5.08867989757745
42.5976944597902	-4.64990926803937
46.6753953519873	-13.2183340219307
37.9784155818885	3.16095547026385
46.0651012523206	-4.61202814425223
38.5617484560259	-4.53976442705059
37.9954732477816	-1.27622524961644
35.1138073374227	-20.1357663139111
38.847929783327	-18.3575068102293
33.8085666959135	-16.5067404774361
36.2532477260914	-14.5770961806978
33.5743303345928	-17.8949194380327
36.7379847229388	-6.95089001965816
39.7949511014852	0.873325828524964
40.9536018936902	-4.16411351258072
36.1583008625877	-2.81887576061802
35.5449561321494	-19.5223697358444
35.7062738609455	-7.69305418532002
36.7091987922789	-1.38305818009594
47.8163411917536	5.45693366964864
35.673688768497	-17.3365987331451
36.0232336979586	-11.8884517205907
35.2098157176465	-16.5776694844993
33.6713167977075	-19.0228422826839
36.5453924908053	-1.01809215552387
36.1859086597124	-19.2227844727899
37.2932938241525	-18.5946331689822
44.1099963040573	-14.942389323157
35.2185072496029	-7.52312683052426
-35.5031898748756	-9.67291840176263
-37.1411176431625	-26.2361638893563
-40.1079135662606	-27.1386468685797
-23.4194681937885	-33.5608195311718
-23.2392008923843	-33.3112402315453
-24.1516251470325	-35.0502717256438
-23.419540111711	-33.5215115638002
-23.1286561194327	-21.9471339874011
-23.3631662961687	-33.5087382648639
-22.8008563524255	-23.4654614422827
-37.8844086391059	-27.9893862635601
-23.271578568457	-33.298937051054
-23.878781024984	-21.9421554475792
-22.99738747594	-22.1153231029218
-35.6008979028535	-21.3360864965375
-40.669516012029	-9.25458056123763
-35.1590500232511	-28.4083996065805
-23.1572555754528	-22.37023705281
-35.6813844804741	-26.423377865776
-32.1971517603257	-8.70973292460131
-24.7365853291167	-22.5635362672288
-40.0848687257159	-8.6926405010519
-41.1747277949024	-21.5218327064242
-41.2878573279045	-19.7008839776671
-35.7926989537638	-20.5506001510401
-30.0412754687689	-28.6602558690589
-39.0386549740287	-8.17999460496106
-38.4360975919496	-15.365974460349
-41.5306113838769	-8.80302374259463
-40.2000890416741	-23.7550757470465
-28.4791434880692	-30.3511580350548
-36.1083421279873	-7.7000359517916
-40.5925515195934	-22.3462595861291
-23.3747265869036	-21.9275863242993
-42.8806124371248	-18.0653274531458
-41.4498502149552	-17.8602771818759
-23.9796207480275	-34.5151995760634
-43.8526612126615	-20.2864491220437
-38.6732126546952	-16.8543449056548
-40.2633310895582	-15.7821171385029
-44.0703449829856	-16.4171715710193
-38.0719444114034	-10.1266902822164
-22.5444364319477	-23.6605656927378
-36.4492657366578	-30.0699236132549
-22.0633994181287	-24.4463532689203
-43.4636563579029	-13.1826944067375
-22.8948894693711	-24.1740037907916
-24.6436078710418	-22.6897044634025
-24.2011554151205	-34.9086699357828
-24.1134981214002	-34.5274065262264
-42.2338936437307	-24.77742497625
-31.1497306013125	-16.2236042246344
-23.4301290276031	-33.5388594263742
-34.3980680874012	-14.6014428358061
-24.0264288714288	-34.2278008014977
-37.7702200481658	-27.4214146322192
-37.850923247158	-16.7321357544766
-31.5999617948291	-22.6062395276962
-41.6156357682038	-25.6450988582781
-42.1042476428608	-15.7256595299376
-44.1662047553643	-14.7776106262325
-37.0601023252135	-14.3243640742909
-22.1998327666053	-24.4084218256979
-22.1085492613313	-24.3996536262045
-23.9754617337373	-34.3779397026404
-23.0521369576903	-21.9240874817392
-21.8145280047634	-23.1544825265431
-23.9013353424477	-34.0160750399223
-27.9692419873427	-30.6904765997969
-23.0213264794125	-21.9663459481707
-23.7189207575301	-22.490906851983
-23.2454290879323	-33.3391932990314
-21.7512918683012	-23.4000562176982
-30.8554122397264	-27.5919284814068
-43.9623618741167	-21.9851165741441
-27.2293763951859	-29.9403172482771
-23.274064778985	-21.7563218713155
-23.8395603363543	-33.9432100868317
-36.8895761719663	-17.459623023937
-24.5215416343441	-22.6949260305422
-22.9130407737872	-21.9377746332365
-24.1129343111925	-34.9120308233321
-42.9157770733571	-18.4321193258878
-36.9234098254422	-27.5938732327715
-35.6589484339588	-21.5109358125579
-37.0176641935098	-30.1563289980855
-37.5047391802877	-27.2342132959993
-41.3478003255262	-23.3493687305025
-35.7498992274515	-20.9948235807344
-40.6528550217667	-9.2762485738757
-36.8263073567562	-25.4681982466316
-43.9990618788982	-21.9728537169616
-41.890584043869	-20.6732811772979
-39.9855536425609	-11.740155132784
-39.8901869577043	-27.6242058452639
-34.1761297843007	-13.483389958152
-32.4025175367342	-27.4628743401125
-37.7968472959227	-13.7123903381287
-41.6922660805866	-21.6412065914024
-42.808996477954	-18.1013415637908
-41.4255119496118	-11.0899493205615
-39.679677890977	-10.6081796374423
-40.9556083689616	-18.6871131455122
-41.8957380184705	-13.8475436842822
-38.5865350123877	-9.96112658595802
-42.569300441018	-23.2386932591933
-43.7527873001279	-13.6665950615743
-38.2962841713575	-20.6270910602447
-38.5853823779611	-27.9185969174369
-37.4700502613948	-25.6159837394939
-29.45896559938	-28.750732615778
-35.7713650375912	-28.5616185006194
-39.556919642107	-17.1989119688062
-35.8248859730534	-9.50388146375724
-35.4750707819185	-29.8227138336978
-42.1243462084355	-17.9598901186118
-35.4031074526479	-9.99182404770492
-36.3758594685312	-14.2620877100457
-37.1968218921091	-25.1961308855245
-41.8047042563675	-20.4438026345884
-32.997025582325	-29.8486196466104
-37.2798594332032	-26.0259800853769
-41.3466873740661	-23.9961263337984
-43.9075324920003	-21.8558298877588
-42.7521498638347	-15.0099597391787
-36.0056476918961	-7.93522848118288
-38.7943736337099	-22.73838781294
-30.5320909639345	-20.5347036919756
-43.5273488259419	-13.1743831776004
-31.8073628081837	-10.5147757222017
-40.1188577100263	-21.6807636647447
-35.5845478943478	-26.2296459277127
-41.1306854894971	-23.4588488476383
-34.7122516702946	-9.08042198125993
-39.3886025328709	-12.4627081633774
-41.6458819499438	-11.6444725644567
-43.4458297349246	-23.2598442745005
-35.8501570614423	-8.07136172379943
-42.1821293250664	-22.8412125978996
-39.1588102731757	-27.2158270072488
-44.1482395730627	-15.6956768305142
-36.3951524820993	-17.1361758970673
-40.4502771190875	-23.7156385428067
-38.8308928817277	-12.189102693921
-34.1155451541928	-11.7320736123664
-34.1454986088726	-9.55092466437117
-33.6224347824155	-18.7117300701206
-27.1701729034086	-29.9922717142716
-31.5866472585684	-18.911379166991
-28.3259126195464	-30.2356178280861
-34.7347044154778	-29.1506963623444
-35.9926995260054	-24.0240780912343
-38.8659867884471	-17.3977505564036
-39.5859522788777	-27.3041634769819
-40.1977218790039	-23.4939067129503
-34.8344589795254	-24.5160485424964
-34.4884404462577	-19.1088474225763
-41.171094818225	-25.8184865758011
-40.4538351374592	-15.162963679921
-31.5159406656025	-28.3880274583769
-39.7646037383375	-28.21069901079
-35.9891318813214	-12.587054467996
-43.1433898032	-22.380943452608
-31.1801724739817	-22.8037936677597
-39.0883479468129	-15.2153666621983
-37.9641248652486	-7.96096336871707
-38.1825520608334	-16.7755033917958
-42.6358013387552	-17.1786221845414
-39.5720372346541	-15.2803006780148
-33.9175206752343	-13.3655185060014
-30.5494652788447	-20.4979352462997
-41.3134775538717	-9.24345123925691
-43.8408964485115	-13.7317202651882
-36.5952728337649	-26.7225586990217
-38.3919278650921	-28.2072304998712
-37.9237629887962	-12.6488055661011
-43.9720575348486	-15.1719499784935
-38.0925839346486	-7.87425249846792
-41.2523313918256	-24.382709604358
-40.7524855700703	-22.7860913842167
-40.8986892121142	-9.00999233084395
-28.1787619041893	-30.8166160468564
-37.1634222926828	-29.4554781050798
-38.3983819295989	-14.6459123811601
-36.509609694777	-13.089575850554
-36.969870136865	-7.96379624534157
-37.950117087893	-10.6593024684951
-30.1634656845172	-28.7042883445099
-37.3296439313103	-19.8549297123006
-37.3579989259673	-8.40566919655273
-42.4289879161353	-14.0109265463955
-27.7192475485135	-30.3488537201866
-42.7143961319861	-24.1598631436265
-31.5553962933605	-22.0745576444523
-38.0583121589251	-27.8511313046928
-35.2071412683075	-8.2833697995441
-43.9760601920306	-22.0762721387573
-24.9628662064078	-22.579914171003
-42.7710462273636	-12.6325920863441
-44.2634922212169	-13.7884447974242
-37.8132790648687	-12.8818191668282
-35.1820709935638	-30.9510378689172
-32.576347189752	-10.3054466409571
-37.8611702392828	-21.9305956189452
-31.9320364509812	-29.6192191462255
-43.3576166816722	-24.5446403564837
-33.0400274864377	-30.23940382676
-24.6342024009112	-22.1564904722537
-40.852739164796	-19.1419485573823
-40.7154378643691	-8.05366234322236
-32.9242666143694	-13.955193648205
-29.436835765665	-29.161901097645
-41.8148312401521	-11.1970525362416
-30.5398002967772	-26.5726874238219
-32.5577904964624	-13.8341985406216
-44.6830259863732	-13.6500622508927
-36.4288591922971	-8.22863200103697
-35.7145554370948	-30.8102020592603
-44.0555657973811	-14.1957830240282
-31.1339027440683	-30.0777750079997
-31.2840181491189	-20.2711380736755
-39.4078485896953	-16.7694896263792
-33.920023443263	-28.4786709345542
-36.3264522499607	-29.5189525007912
-39.5079087537067	-19.7606751814786
-40.0806137334235	-16.6792841798301
-40.8225738724075	-22.9077064312258
-42.8270659582974	-22.8602209790134
-39.0303091781032	-12.0201125051531
-38.7288623173723	-12.528654629347
-34.9038239845807	-8.05712161097121
-38.6343429795119	-20.7628265699765
-37.3865860689632	-17.5074829671684
-44.0842910994408	-23.6436400452173
-31.0366535134283	-23.110221091872
-33.7530380041058	-26.4115792546857
-40.0586520284602	-13.2897783781124
-33.2017594885371	-14.0621944762036
-40.9526748220732	-8.98684391739565
-30.2521465652424	-29.7312666498917
-31.6865412063709	-22.0193160642423
-35.4768754607581	-20.7757733615999
-41.6106464879781	-14.8266880168739
-32.6609238623323	-13.6766811393406
-30.7415923631576	-29.2359544215476
-43.7773418230922	-13.9299218668965
-40.4663072832723	-14.3005886360537
-25.103593991729	-22.6957386697804
-37.3667192535128	-12.8084962289129
-43.1205053150291	-11.9531440620107
-44.12357538384	-14.9725946129748
-38.5992014484362	-12.158122691741
-41.191142625795	-9.21600041983311
-30.2622920313259	-27.2295707163113
-40.8993207869421	-14.4854300516398
-34.6371998748696	-10.5482237164048
-42.0575590354465	-22.171388218804
-38.9737168525046	-21.7805075893964
-33.9616854793596	-8.35855814003104
-31.2605690405633	-23.1164464229349
-37.7347763456207	-13.0670216441762
-39.1981574713293	-8.30626902647302
-39.7373232455418	-27.5338808084988
-28.2439285157846	-30.3819309962024
-34.8676876557487	-24.2814374883676
-40.4345934418974	-8.01593309369772
-30.2738207720164	-21.2626725112313
-39.240822839663	-17.0979271183736
-33.9742449803889	-9.93708504579225
-29.3168964059667	-24.3902496136972
-36.4823582123333	-29.5491835196623
-41.7332297646233	-15.990180688893
-35.3856683669862	-8.77478942706883
-21.9600764331197	-24.7996123551309
-32.9660411624568	-13.4241968957113
-32.485564305173	-18.7475020186145
-34.8117045844793	-7.89886753718829
-30.7294695855471	-29.2667284891678
-36.0407002888455	-20.5004219672104
-41.4204367407315	-25.172041047609
-40.8383504275469	-16.1272753317603
-39.9837545523398	-27.3900946072221
-41.9726265616993	-12.9450784119344
-34.4223718868201	-26.5684160864342
-31.4601546527554	-11.5932433097479
-38.0320310261268	-10.0747728366838
-39.7639559951608	-12.1151344517381
-32.8899170230022	-19.7622126250297
-35.6421479344587	-20.1788862861134
-29.0133731313896	-20.707449436659
-32.3505636049678	-27.2684595921454
-37.5160140690823	-12.0943119217757
-34.3716410554591	-10.6075939108454
-42.4124738599357	-24.7443994392577
-37.9104775455714	-22.0519179921299
-38.2273373243618	-27.9843336016229
-32.7786177086039	-13.6435374252904
-41.7719981286153	-23.2814359423655
-38.5813997902995	-16.3451617784095
-43.859732530344	-21.8005077533879
-33.8727051751594	-13.0753541372415
-35.7385085289411	-7.9317818220985
-35.6231384734942	-21.1505048021774
-43.6751750996607	-22.6583205396562
-33.8973132913091	-22.8025162948369
-36.9820610596373	-16.0059386521745
-36.9492476155231	-25.8042704700796
-32.593833172005	-9.13244029100851
-28.5868083044489	-29.8705975664012
-35.2730498249516	-23.7637836075179
-33.4225977221483	-10.6606349912954
-32.7394450639202	-19.413583466047
-28.0597063151341	-28.3937396595607
-33.6254439153379	-14.006154492795
-43.776428023277	-24.26746938607
-38.2017610649937	-10.3881333889846
-39.3199080744633	-27.3314656129228
-31.4860258612843	-19.2663782242372
-44.3054256029202	-13.7824402224734
-31.6793327778476	-15.0567174814384
-33.5247650797782	-8.44721990622761
-40.0213643010182	-14.7342239258537
-39.9326234369924	-10.0040981203304
-44.5008064435747	-13.9109853935069
-35.4584610972912	-21.151355549957
-32.8850202239445	-21.863565670006
-40.0243751080427	-11.3478785581566
-33.1093986837352	-21.0084238831691
-37.0207431726814	-10.1464589620353
-27.4055038858398	-30.1794564935727
-32.772708747689	-19.7180234565116
-34.9930316592299	-9.16509081871389
-37.8687298563175	-16.646523414474
-32.8185069861653	-19.802519752526
-40.9544370676549	-11.8166454035046
-31.6945299694272	-14.9387923227927
-33.7758204605571	-10.6263072396035
-33.1387749095498	-20.5340190814087
-32.7420684033363	-19.4821554813389
-29.7851306863122	-28.7935559548782
-38.6268749127166	-9.79021207510591
-37.6974667479039	-11.4602954453628
-32.8915759465822	-20.4530584305685
-35.7113161043121	-29.1371589215359
-30.6936484904529	-23.2219662212044
-34.2175531318027	-26.6734635192883
-32.496509170917	-12.1128264409511
-38.7249748051997	-15.3814176032823
-22.5752883417672	-24.6602638829114
-40.7437635413944	-22.2076929658921
-43.5824411917189	-13.6138702183644
-23.4163439447214	-21.9407116537762
-22.3322500140547	-24.5151045412136
-22.64550077594	-23.6940994912454
-23.8202721438816	-34.1969991488541
-36.859642175423	-25.7009432273266
-35.0011102533795	-7.80505588219125
-34.0989001314682	-28.9498878433317
-32.8646733240158	-30.0865969930541
-23.585587818979	-21.7112716855856
-22.7511482916866	-21.9879558688814
-40.4441628048482	-22.6442967651261
-31.2341526333941	-28.5557212086614
-41.6690557569807	-23.2529566022362
-28.1861474338563	-30.6433332788286
-35.7073916793531	-23.7983140598612
-43.3791094123626	-23.5155783948264
-37.9718161451843	-13.8229589555216
-23.8341790421618	-33.9794400513653
-38.0302765776167	-16.7815737436237
-37.674647194424	-19.0876325036872
-35.2820471490696	-30.0234643591894
-29.746175857443	-30.192623383773
-37.7992440881931	-16.363296512827
-42.772223986344	-14.1566515960046
-36.9918748270074	-24.6014659643998
-42.3369144190338	-12.5243407751045
-23.8413121690087	-33.6805398200781
-44.2326937428466	-14.2440855776624
-23.0353332520863	-21.9445577095455
-23.5733491463728	-22.5828924325579
-24.9434568507523	-22.4480332002153
-23.5886300372515	-33.9592804558847
-23.0405254037294	-22.3546758524459
-39.8992087206589	-28.1504613421787
-29.9115264711061	-20.9060926949565
-31.1004902250142	-22.2219098768793
-24.10958594506	-34.9456349295065
-37.4797465935214	-28.0279089489079
-22.6361456619	-24.069788313424
-39.9891816435173	-17.1956932075987
-23.3310692227838	-23.8405891474905
-40.8081741586326	-8.90828283819392
-38.9672240570866	-14.7540105095085
-24.3698189202716	-22.3166078346839
-23.201086273467	-23.8624410013945
-22.0878711199695	-24.4497933114554
-32.6449934979053	-13.6425124425943
-23.6476790651875	-33.8550234035769
-22.6499611860817	-23.6744319854047
-43.8969989077954	-14.8212730348169
-28.6134330817924	-28.4699665775118
-23.0892203866173	-33.0337700818935
-40.7999820095465	-22.1838432048604
-42.6009771888378	-18.5638411970717
-39.3979571284711	-11.6759284668646
-32.3095923495539	-9.93534487059062
-35.7545508612812	-19.7392084973057
-32.5121877472627	-27.8829855853238
-24.0820561637373	-34.9339119964748
-42.5832363515344	-12.3601935081614
-24.3920591899332	-34.2162362231642
-23.4955238543856	-22.1431346940197
-24.1614677248427	-35.1421427556822
-23.5421211058437	-33.7068232846717
-43.1654112273844	-22.1475157521405
-22.4745066014695	-23.8745939238871
-23.1702394076286	-33.2600849735315
-23.3482702945889	-33.4559232688986
-24.0587074833061	-21.8528741504184
-38.8555309173773	-28.7641193344829
-23.8051508884346	-34.0198426700512
-31.2546285208267	-21.4781025593856
-22.9978733552968	-22.026326620684
-30.7141050709756	-29.8654381576209
-36.9732284937425	-17.5671807568117
-23.8985862625696	-34.1492402909788
-35.0621304779448	-28.783989306986
-41.2379416958945	-25.8827539552285
-25.7328350466226	-23.5333026285772
-27.7753828503482	-28.2407516393285
-24.0940691867	-34.99894599779
-24.1213892028017	-34.9876669741958
-38.0817743789992	-16.8588816336465
-42.6277826061093	-17.0997825156983
-36.7975577398248	-10.1305653044836
-42.4830967498218	-18.9001277996854
-38.5203945868974	-27.2210204660861
-31.033427016259	-29.9734375335276
-41.2104009336746	-22.6408934212084
-34.1287997643778	-9.8122774160023
-34.6091094034765	-29.8434267425076
-41.052023838201	-10.7433486954877
-40.950281131233	-18.9259624895126
-40.3019006133093	-9.00347921512195
-34.1811380708787	-28.453443019523
-40.767231740445	-10.6581909511711
-39.0144333163147	-27.85504211626
-42.8356823286374	-24.0469959453252
-44.0194724100194	-22.0335240832924
-34.5052317700125	-10.6748021868571
-44.0607743087475	-14.5255431272973
-38.7485445721669	-16.9911437812546
-35.585681359112	-21.98735903172
-41.5620952611726	-11.0528997114289
-34.8463739147381	-26.032118451421
-32.697776496665	-29.9840349457652
-40.1556697342064	-23.7119439911058
-36.5388361422255	-12.079648370013
-42.7269600003514	-18.8145374376619
-30.5844337941596	-27.3513180772695
-39.2226262969281	-27.0716634373923
-35.3045694687959	-23.7929407224572
-41.1609542472629	-18.3749614755473
-36.6526173116846	-8.12549530838024
-39.6053558735411	-9.46267265341124
-30.6677882287389	-27.9893253968282
-37.6531019538373	-29.2150175212059
-31.1598793291879	-22.3214384286382
-34.3938598233002	-26.5468778235125
-38.45821092261	-13.4520615696723
-39.4117183226523	-27.7693610993291
-30.7082571333256	-27.2105803433761
-38.5773219294531	-15.8467376409781
-39.976506794733	-21.0605443367264
-39.8130816328684	-11.9645803726767
-37.2741195135545	-8.43034567963297
-34.0617109518025	-8.60801073030845
-31.6734344033729	-19.493062548676
-40.6940782425926	-10.3778178867789
-36.6309738804169	-30.1099284254279
-37.3034988545243	-8.15280059855125
-29.7628327836891	-23.7640255474909
-35.3836436697101	-30.9694530103558
-32.4483946152442	-23.4489456319018
-40.6660774556928	-8.30427855056435
-43.5482947900689	-12.9603514829506
-33.3149742225169	-8.56867219986832
-41.9965198564024	-21.2019896498797
-40.7552603451007	-10.8293402081491
-41.5510330637927	-16.6125505357168
-38.9992514354251	-14.4993671806376
-36.1925850243697	-23.1542299899375
-27.4580355309639	-29.9779189137533
-32.2981193765221	-9.41009909507744
-32.8967223318174	-12.1290062509335
-33.2985317915879	-20.3091832137196
-42.3272622037009	-21.3270251300671
-38.7318626501503	-21.6505127220274
-35.8936300461441	-30.6336250530463
-43.9810376770853	-23.9354543387941
-32.4731531968942	-10.161867342287
-37.6249133909817	-21.9114440751787
-43.3639813568685	-22.3888925317108
-30.4293152579327	-29.2091609674583
-39.4195996629613	-8.12470533180503
-37.2020122986442	-28.3048317328221
-41.3086537620514	-8.55118224055535
-39.9721917465092	-23.1358337821107
-31.3397941319981	-15.4788824248231
-40.7925797037535	-15.7104282681982
-35.6086426593437	-9.6228595262484
-42.5773412893592	-13.2654938008767
-30.7949272865548	-29.4685918348918
-42.9050948850165	-17.4254700618113
-40.1928032958291	-11.3618780822041
-39.0665966428848	-17.3644843637888
-37.0952030417167	-29.4724452994898
-41.2901818966482	-20.9512270222108
-39.987913152719	-17.4735596166213
-43.8812545115995	-23.5142038234908
-27.6965648583387	-30.4049278600669
-35.7986924353039	-13.8834067901012
-35.275895125647	-9.66436081137449
-37.4542215891232	-19.3960237532219
-37.5568224752821	-28.4223724802393
-37.7137253051384	-9.48938386900983
-37.643013932861	-29.0899509216962
-29.1484976253662	-30.7782179062753
-37.6274816710653	-27.3158703997162
-22.3055910078066	-24.071713484049
-31.8982539411022	-27.712740161797
-40.5267579710123	-26.521360724583
-30.95352144742	-28.2535029579317
-39.6377307034528	-28.1767899278909
-39.0257094074517	-28.7037964130258
-33.5273781076937	-14.5530117842696
-38.1645403535743	-11.1999639768646
-36.3085590064963	-30.420234013654
-34.7389078225809	-29.0848793984374
-35.7308716018619	-20.0371030057739
-36.2495923262685	-7.93795638004102
-41.7319886810152	-23.568640253524
-33.7995829140989	-22.871140984695
-40.2060768617727	-13.6644030963591
-34.4962559983848	-24.123814168057
-39.5091837891164	-8.12635994109805
-39.3955441986508	-8.71116309648458
-30.3081641699113	-23.743248621067
-38.6233469476229	-7.98183754690207
-40.0620556146892	-20.5741509944541
-31.0033392532615	-22.4672023235042
-40.1278470017214	-17.7066847010728
-28.0430860631821	-30.7484102895268
-42.6202929415163	-14.4107396647855
-41.235983897615	-8.51971132878018
-31.4958660741582	-21.8055727103487
-35.8465087827114	-21.6001300717852
-44.2073927670293	-15.827649450294
-37.8712008504446	-27.7782826444286
-37.5100435064938	-12.5864760417784
-30.8560929785468	-20.2655117033989
-41.5831300553804	-12.8493600753528
-40.396600829364	-21.4203948276168
-39.4751305956692	-28.2885853971379
-30.3748416014586	-28.6912881081284
-39.7988825368661	-8.9861504675892
-37.6799367780129	-27.0972065035354
-33.0333355394332	-13.6267205091591
-42.778811652457	-24.3042777375102
-30.1391969725314	-28.4223393888061
-36.0481584784262	-29.3387901137214
-34.5896772359933	-25.0500676337476
-33.2155259211233	-14.2165725144914
-40.0049954244775	-10.2828078089098
-36.3233082915772	-23.6977502461826
-34.923529107577	-24.5760732008123
-30.4252781091155	-28.6862984645496
-41.2863824805039	-12.3980589565255
-42.5377957331882	-18.5498067762847
-33.6981237527327	-11.0399319027927
-37.3413552332486	-29.5700312338467
-38.6185212581336	-27.7694907004172
-39.6406483466048	-15.7847999544121
-38.8728506557429	-8.17332645456455
-34.2846144661467	-10.7741859509491
-43.98177481133	-14.971673750432
-40.408244816253	-23.7260549023444
-35.3422356430973	-29.6904219896295
-41.2480951599046	-18.8093670644089
-38.412796056507	-9.35033435025528
-40.7211058584577	-16.5045743637885
-42.3263651953966	-23.4778955833781
-30.776470999365	-23.2731600158511
-32.9700711530564	-10.6394761995035
-39.2119662522655	-28.221222557112
-31.9724202568867	-22.6628155863899
-36.7533752885871	-7.80079637957142
-35.6302397511962	-8.30991250092067
-36.7263357507196	-17.4948638762732
-32.4780730327437	-11.9599251688031
-31.9577657452641	-10.7340050497373
-34.3313009011849	-10.7393528773047
-40.9675231016644	-20.9006214068617
-37.892435730925	-28.5707520104986
-43.1793033303493	-13.7245241211979
-32.8465031228386	-14.1108900441466
-38.6580376709578	-9.25350881094738
-32.3406774900525	-10.3924477185675
-42.2843816540026	-18.1369490159946
-27.9553853812893	-30.7728430246137
-33.5032797130578	-29.4835949002817
-30.9564400646415	-22.0335036403843
-43.8780172667227	-13.4168896261826
-40.7570320714356	-14.6201068927333
-34.240420555792	-7.9649084851181
-38.2716756900047	-18.6443678127659
-37.4686931661519	-8.41960605994829
-31.1991097499184	-30.0594393364218
-32.4977909272734	-13.5170041426435
-34.6476919197709	-10.4824404982376
-35.20087335526	-10.2693400551681
-40.4487795775994	-26.3399606401019
-24.9259530382259	-22.5732359807989
-31.0647470299932	-22.9086501658723
-37.883825259121	-13.9631838808515
-36.7616514025339	-29.6595148025253
-37.1982116303273	-14.4584848714978
-42.1767819289066	-13.1827369863555
-35.2799706931497	-30.3762735185815
-34.2216200080105	-13.4021672671167
-33.5994735552428	-13.3175633153388
-43.5884819201431	-23.8567802095428
-35.6279188470553	-21.3188610449375
-39.064421444317	-8.81582979199069
-42.3237398471635	-13.7475108108216
-34.4822815818379	-26.5145751198276
-25.1925057895073	-22.4709036202374
-33.6334907057748	-21.5626065190458
-33.4706919659691	-10.2343368341763
-31.50279879276	-19.5577315828436
-36.6615097190108	-25.9409902145325
-36.853637801686	-10.0808959993614
-32.6195394976127	-11.284194877051
-30.5618726608137	-21.310581981617
-42.1875781864206	-21.3568885939806
-42.9044494844774	-24.2641268539503
-33.5978606048314	-21.4398786296116
-31.6737051328541	-21.8624690041294
-37.5477815391148	-21.3891290261987
-22.1888769782079	-24.2875162502222
-31.0253660014944	-22.3025915191498
-31.1114265480321	-22.9110085685711
-38.21661293011	-10.0768649797824
-33.8558183176813	-14.7332250329937
-27.4272333983022	-29.5154355366372
-32.4781032324364	-21.8136581643824
-27.6274134135407	-30.3173444231331
-33.6287032361646	-18.8048130697152
-28.0418887913629	-30.3638649344986
-31.7057376110872	-18.493116819177
-35.6198149198876	-21.3914458536962
-32.6562797412786	-13.3335738323485
-37.1755471289043	-27.0878976596631
-34.1047573080664	-28.7864532213191
-35.3070620910593	-30.7471145419756
-23.4472485407747	-24.0962718702482
-43.6470247059891	-24.448173525707
-43.2493018246781	-12.7648256084388
-39.7464602671157	-16.902862689878
-31.8851336564976	-28.8282931597699
-37.1538939182079	-26.1606593632134
-35.8512700561417	-28.2351590619083
-39.7640188202347	-12.0232228448899
-32.3717556710777	-11.8025539915131
-31.6168189231035	-15.0110953485258
-32.0156453951141	-14.8126740311771
-41.3654299296165	-21.2945557967703
-36.851415462875	-14.9026924170588
-40.4343441298931	-17.0054449424566
-34.1552603504309	-8.46092998676874
-34.0483920158197	-11.3923382182123
-32.314187555062	-9.33418732399355
-31.8913962942285	-30.0230431837948
-33.1019983647118	-10.3470524786054
-39.1210427936485	-19.8188550325435
-31.9612908805736	-11.9699460124743
-34.1402946482025	-28.9702348277906
-29.6421776820582	-30.554066370407
-38.1383070882443	-15.4273705236638
-34.8219957981189	-10.6266944097505
-26.0352937381391	-21.814303922613
-31.1031919910683	-12.592842202048
-43.6612687120213	-20.7721865941992
-42.628850998404	-24.1046507403507
-35.0362756107359	-9.13381817894167
-35.402952618675	-7.65259095928944
-40.6847629743373	-18.022620698903
-39.8414882699442	-11.9827914366277
-22.4043067224866	-24.5312349387772
-23.3106926255386	-33.4289008292168
-23.7830067374742	-21.9835340810023
-37.3824670268616	-29.4271649215581
-33.6846476120803	-19.929321331063
-22.0251350697919	-23.6557671188827
-21.8883470243162	-23.2228366310829
-22.3563138690285	-24.5179666663934
-38.4160413907259	-14.4398703140316
-31.0514721012448	-21.8039308133003
-42.3731162570244	-14.1633199653407
-39.5629926063874	-27.5962537738383
-29.1689153273083	-24.5088908480878
-42.1739046616934	-15.0288751907458
-31.3455715447192	-17.2023648452212
-34.6717870922282	-14.8019012808866
-38.081505881435	-26.7037447533978
-28.7763052268934	-28.8262262830442
-40.0067641769144	-9.55650884036348
-36.8625824581737	-23.9625194188261
-36.9978415935425	-23.8728979365291
-41.3947315539761	-9.11713949483203
-39.5778938680172	-21.3533285863006
-39.1084863951886	-28.3551474355705
-38.2298696650093	-16.766896067375
-27.4723079710188	-30.0949241777247
-43.3400304498916	-14.006144702285
-23.3553637611342	-23.8496590093217
-30.2001141870945	-21.2830407586748
-38.1855197933989	-25.0923680700583
-38.7611513763376	-17.0969642594273
-41.0568479139258	-18.4526646981286
-38.1762301886123	-12.0822231550323
-31.0538973802544	-20.102787924125
-25.1820270690652	-22.3658915403387
-36.4053666353418	-29.6378284421707
-40.0993596249445	-8.21050041647403
-24.0938360892837	-34.8957133092936
-37.3996355130555	-19.2508481908238
-21.8211360635953	-24.2376923498542
-41.7260177189029	-15.0099669193889
-23.2940322696034	-22.5723927428359
-36.5993005553052	-24.3781620495792
-24.0916850176251	-34.5025670929827
-36.15747760328	-24.1223803292079
-39.6878521162808	-18.8492098375879
-32.6017476602228	-13.5717190231008
-24.3814089711966	-22.3022857457591
-37.5580852754571	-12.9580842997694
-23.8710265235145	-34.2447537013425
-44.7353289492517	-13.9163754359261
-38.4652150529409	-14.13328570495
-38.1015383701439	-10.1689245528139
-40.2166497838962	-9.64031580882904
-31.1919938133185	-28.3644619429141
-36.3728526513475	-24.831883294914
-39.6338113773583	-16.5221452010639
-22.31524711464	-23.8585618923341
-22.1172287385993	-24.3884182456464
-24.0185467003874	-34.5323266693128
-23.9442352386509	-34.2788040237989
-23.5563719550196	-33.6281457327296
-33.2537351802294	-13.5070524191805
-22.1938646487507	-24.524684024384
-22.234002123982	-24.2838334488267
-22.6116301326687	-23.5721682943065
-23.8477680251506	-34.167006945807
-28.7636139010562	-20.8514151551951
-22.6975272899852	-22.921204658769
-24.0652084269121	-21.955613010457
-23.6362906291837	-22.2593654943823
-32.4104566030332	-13.5184653470545
-31.2177956719437	-15.8627928063685
-35.0211219580248	-9.34536752920524
-34.4483606622958	-7.97684865564952
-39.4301478328962	-12.2839092355044
-23.2086388259919	-21.9530898417652
-35.5611075967021	-8.12290164791156
-36.0771128174282	-14.1739783843649
-33.9133164729085	-28.7161343977179
-38.5712364500864	-12.9437913881133
-40.2367377314827	-21.9063014586156
-30.5657588810436	-23.5216701664393
-34.3344334760798	-18.9709724687829
-36.0580837266843	-30.1557228609649
-40.3583596308816	-20.7328985457576
-29.9406775512544	-24.5568622097662
-37.5729795133651	-15.1093479939709
-39.3101888876147	-22.9419271724589
-38.8207567217425	-19.4510294603401
-38.761012256405	-18.4239063264125
-28.479111895955	-30.5835199935875
-30.3629815530808	-21.0639862274375
-40.8314456386723	-10.5831116270398
-33.3860533693674	-8.48387745530692
-38.0240479658018	-16.7346791495396
-27.6999911793333	-30.1183780035443
-40.5084939226797	-12.0678953360134
-43.8795918658116	-22.0141047731881
-32.4820410610533	-12.1069852193121
-34.0179730897035	-28.5963970471804
-35.2397386389462	-9.78804917039582
-43.4596485287981	-16.7618831861643
-34.6449625272594	-26.5231872846648
-41.0321126388338	-15.3951532076792
-31.0595450508068	-12.5965771249322
-34.8264612823141	-9.17495139272355
-37.1660171917732	-24.1849746448449
-43.9038130231396	-21.7476281777473
-41.4287865918129	-22.8951944405629
-40.6400472056811	-8.86354915041452
-40.4161569073083	-21.3430500534299
-41.997311280185	-11.2366798655547
-37.5557228414105	-10.2044321838954
-43.7412392899413	-20.4401022347861
-36.4997046677499	-18.1968915146936
-36.060919152368	-30.3024859592202
-35.365963532155	-29.810862776782
-34.3769101515657	-29.0440259505824
-37.8313470798754	-7.85802014649624
-40.7314882715283	-8.67107691977367
-35.7698058292705	-23.3640731067145
-36.2424817446685	-16.8036823845187
-36.2889454888158	-30.0915143460031
-35.1553523838542	-11.611862594226
-40.8576711356788	-10.711355568206
-34.9353326505988	-13.4603233871557
-33.8482532618201	-29.3069461535515
-39.6463229206563	-27.6470885549589
-42.5626979933021	-11.6698497001619
-38.5391650655079	-15.6451254953382
-41.5301300500581	-17.755910807136
-41.8581035545621	-11.7512414455204
-34.0730990043909	-28.6347246785011
-40.315670410811	-19.6382046801018
-42.5464148836252	-12.2867989160855
-41.10143169451	-14.8718741121384
-35.3806930536656	-29.3430551225363
-29.0903986827511	-20.8634679147479
-36.752529657613	-13.0700844160042
-36.387396751417	-26.0658304684393
-27.1854956669764	-29.8617927580151
-33.8537989168229	-18.6949350258757
-33.2074223139293	-21.1473151453175
-29.3854000354687	-28.6849472347622
-33.1339082441142	-8.97767904553686
-36.4922974709837	-28.5759327424783
-41.170485654925	-26.061691929148
-39.9511292452723	-11.8801485394423
-37.9110792555445	-15.3541477566858
-38.7587581116823	-15.5721843577546
-34.104582559808	-28.5816811529169
-40.3314904334995	-24.0196964438101
-34.7267025335579	-7.69506560798479
-43.3164127915446	-18.9648750206125
-35.1798589354857	-9.76909006111866
-37.420693540583	-16.7049143716016
-40.1190864080206	-11.4691760323284
-39.7370725612294	-12.6446184028397
-41.2655547702597	-14.6561887334489
-36.0568648035109	-29.8965259244953
-36.4351961104374	-10.0113154399961
-35.6374529833615	-29.4003339787589
-37.3317646727411	-24.041912125468
-37.4800265084963	-19.2423614883519
-30.9172915860839	-21.3273276479294
-36.6362834869313	-9.8372553887853
-43.024026449828	-21.6186266836193
-34.4350864183417	-7.99876382520064
-30.9630598001322	-22.884140758971
-44.1294275599705	-21.5852175502213
-37.4057250389033	-19.7494300370532
-37.1290217552372	-19.2474127766106
-40.2679419336348	-17.3287263450666
-36.2893592333886	-16.7737938367825
-39.8242358513191	-11.9763343697958
-42.3903849165027	-24.4913815239291
-33.9753279085691	-28.5907531440047
-23.0822968468938	-22.8003422426834
-30.6576864606313	-27.0059226521631
-37.3673764664421	-13.5174291563663
-41.0022564382583	-23.8844892179689
-42.9155154776362	-18.2758984756214
-31.4440592814636	-23.3959422692432
-39.2984932255282	-18.1515115901997
-44.3036340972425	-13.8661068994464
-22.4320074297319	-23.7877595919845
-37.0248338539672	-10.2217138887952
-39.3949940945201	-21.6876733522669
-39.5382133137817	-16.9123417443816
-39.6832803127269	-27.2873975752116
-37.9444705027513	-10.1266982980646
-31.8215138159679	-28.4168419728471
-36.0047836356598	-14.0585959091098
-34.2839875132562	-26.6599200417902
-38.1376757845763	-17.0384385724019
-35.4176263972281	-30.8850592385911
-37.4437589187399	-20.5981132737973
-36.8587160129863	-24.0618366713895
-39.8213001815038	-17.7061069629091
-31.7183854076852	-28.047659129985
-33.9512273540535	-8.53029888406157
-41.5827747443806	-9.31091155398929
-29.3477907989144	-30.5216038400308
-28.275290741123	-30.6359407892875
-32.8374313236013	-8.56390838108763
-42.7978553411917	-17.7176469920121
-39.9849724220827	-14.746456747717
-33.1364292327709	-29.8759001939317
-44.3213038083289	-13.4980237969638
-33.512641868647	-11.4669921634873
-43.236849109006	-24.2889618376056
-33.2537875625509	-10.4528454490103
-37.4651568155344	-19.5115582631329
-29.1869472854808	-20.7929817401525
-40.987829751254	-21.150955762237
-41.9541780472094	-21.3739941796948
-40.4866906801147	-17.1855727950763
-42.1444392137725	-22.7847772087298
-41.3780084596423	-25.7604562620188
-36.7223685198529	-12.7247098926852
-37.8183929116098	-25.2531142789516
-23.3015115783998	-24.1617728690907
-31.6056840942826	-19.9004956794284
-41.3581248601832	-22.1708446314533
-37.4221987042118	-13.9370169215383
-34.7476990786369	-27.9348036101781
-37.0517223782725	-24.3910846596411
-39.1550924113104	-19.813478063465
-43.3153155693619	-13.2308393297844
-41.3579102621508	-24.225060557804
-31.5709010020398	-23.2628674123073
-40.2474288969318	-22.5150798217043
-38.8091509789945	-27.8173813500215
-42.6356798944667	-11.9329877261624
-34.8959044246569	-29.9192253131036
-33.0173051989109	-19.9387131479426
-32.3611412729465	-10.6534385190953
-35.9851463965729	-26.4112841116969
-40.9209209938729	-9.0287872276928
-34.4405172983766	-13.0342583946263
-43.5961188325338	-23.1586197525458
-41.6252411555307	-24.3208052819408
-38.3586835315985	-27.9930553011924
-41.8398742594686	-21.6187871983294
-28.0427870935168	-29.3466610328
-37.4323387785861	-19.4515860686398
-41.3984818621514	-21.5261290881228
-29.7789862798409	-23.9787297315923
-39.9702469966689	-17.4995982934204
-42.7366703533693	-17.4102815424087
-35.587118194624	-23.6649868946557
-38.2860166497539	-27.8100148290844
-23.6222036358008	-23.9652853815166
-37.4820347465387	-19.6866565154053
-32.5629202407294	-10.3603910301922
-28.5071536318456	-30.544606353292
-35.1497073698116	-23.9199770964011
-34.2891208591886	-26.6969677296696
-40.2474563324457	-13.6395603411594
-41.7086268642024	-21.723621980034
-42.824191910067	-18.1969460541464
-41.9787949076869	-11.6856437272933
-43.7219417708996	-14.0715191563415
-42.1530949607842	-21.075143455289
-31.1706045047608	-16.3489696191866
-34.6835904144593	-13.4800811386545
-31.7601360195719	-12.9783588721561
-32.3768772584268	-9.72819187173909
-33.6166847348825	-10.6183307663065
-40.1867752794157	-13.4966288129963
-31.7050892623174	-15.0194405858724
-24.7040414580664	-22.6093142796422
-32.8659365902993	-30.0420864232972
-37.11290577721	-27.8239624030997
-42.4171392050359	-18.0163749510743
-40.9460235797321	-9.09013955616144
-34.746756341632	-13.438036190993
-34.2415384705865	-19.6592797094855
-38.1155999856329	-15.6455821763378
-33.3319635842162	-10.4758816022264
-30.013214570407	-30.2213328335811
-34.1408369087682	-26.3844944142632
-37.0030296459011	-24.1223541534427
-35.7331338010715	-8.16329327001315
-33.9186021316652	-28.7737393979899
-37.4540437112769	-19.8905493723613
-30.1968157704927	-29.0127508733374
-42.9669714626777	-24.4820842844532
-42.0903960334904	-12.8828563173345
-39.1452345075345	-21.3211375932496
-37.7722696727027	-22.3051515002476
-38.3808521153122	-28.4410747280368
-41.0994360337194	-23.6139929159414
-41.011025880782	-25.9206564106777
-41.7699039306913	-13.4682724738561
-39.2252369489647	-9.77129606124017
-42.2489785003398	-13.6154875825218
-30.1269565614057	-20.8656472110743
-31.3470975385914	-11.6037354293681
-38.7497675948759	-15.4512784033031
-37.7148766371212	-19.3960581764185
-35.7427727405932	-22.2006674233304
-27.1131994952963	-29.9191691481426
-32.9332847421359	-13.8556402540917
-34.8580286953006	-8.57970426028561
-29.2209690937429	-29.7197521716887
-30.4321435346768	-29.7582435497294
-32.3358607072503	-10.0682932038677
-39.7504694989231	-28.0733066353335
-42.9253128069936	-23.417652701419
-31.1214381828109	-28.4126913273759
-33.3758629934095	-21.3570296683153
-41.3377836567649	-10.7904451710972
-37.6516417138364	-11.3859412221618
-35.5446843761511	-19.3050047879822
-42.2653921166636	-24.5580526616238
-32.436675539454	-13.9209692748557
-33.64800984241	-20.1540042845785
-32.7714326823732	-21.5683350196336
-35.0292375701759	-8.2884211003049
-34.6006762252918	-19.2186958853569
-33.9167179565903	-18.8796681879891
-34.081609226788	-19.2241706382378
-31.7231975436296	-15.0063640578615
-28.9288337943865	-28.3560130638492
-40.8557861896976	-18.9511792737196
-31.9935030491395	-12.2628197238781
-28.4798658604653	-30.4591336443254
-35.5739334766146	-9.60754666147143
-27.8420255652018	-30.3725010951305
-32.2122338810205	-10.9833749124857
-33.9400906564089	-28.8070408829487
-32.467807413227	-10.8497263517105
-35.93633557991	-7.94385926801272
-28.2651407420156	-30.1726078898592
-28.7525764258942	-30.568511905759
-39.7557307265397	-21.7501533240473
-33.8400030762704	-11.4668641304203
-35.7233800906882	-20.5738035951634
