tSNE_1	tSNE_2
-29.8599360983178	-1.52862170453939
-42.1380545013799	-6.01716562732062
-26.6973822438455	-1.04244624173278
-26.675187357519	-1.69550912696531
-38.7480956904855	12.3572530487387
-31.900150470487	0.290201126020125
-31.2689799222834	-0.0670469582271277
-30.069906813275	0.0718008278468897
-26.8585171160984	-1.72035920027777
-28.5336773407079	1.67720895128202
-32.2612330926003	0.0521861289658455
-33.4975928778052	10.8376629166408
-36.5952551011313	9.20888363315747
-37.8350808768096	8.52988184047319
-26.6527729190649	-0.636988495898806
-38.170092644474	10.2987900102657
-27.6273782241311	-1.92128256215411
-36.7519468509934	11.1093597594668
-40.1298500907897	12.1752192921645
-32.3876129198209	13.0005836403161
-34.9697373774608	9.929901709075
-36.4562908634645	10.4516062586128
-27.1305889113799	0.0158690518040963
-32.9165589875638	-1.39294188647426
-30.2146249012304	-0.550416371156065
-31.8639040355542	-1.81821004973644
-36.6097227680789	14.0199366118832
-26.8504092178521	-1.39295325660757
-38.703396886544	13.9394159752224
-34.8838946477747	9.82907272040356
-32.3610301071157	-2.21450869441411
-31.609340711938	-0.610658803008689
-39.4630833116345	12.7338300626464
-26.3400138242944	-2.55624810232386
-30.8702045974315	-0.313209316443428
-29.2655056406338	1.71847508221716
-29.6002037790656	-1.712629797992
-34.8950681375365	0.617640268154656
-30.2401229421709	1.1196310992459
-36.7673781487247	10.7474303116056
-37.7518414091942	0.983892898112565
-36.2750064522769	10.1504520091995
-36.5565154826698	10.6489783655301
-40.084035352715	11.8647632135889
-31.0420934344725	2.02916295192504
-40.3501306459822	10.1166221252808
-31.7240065420272	1.78063587406186
-28.5844722756336	2.66238871742269
-37.7082468362531	9.36961671853003
-32.9287208150217	-2.43089576169202
-37.3690441327753	10.7526315537985
-33.3630135991163	5.41603739763717
-27.1308771368216	-1.43381059404075
-29.4706108635413	3.5039708039196
-35.7179265866236	11.5069831390462
-38.5091927247436	11.8867451678637
-38.0526186828525	-3.67351424628787
-41.9491890496702	-3.79498076224291
-37.1031842255841	-0.444575073214591
-39.3765276806963	-0.645473166116215
-30.042573871668	-0.154207002222781
-35.0695506981528	12.8090447127287
-39.1252209563388	13.3114426492741
-32.3269768142247	3.21874767649838
-31.2368610711475	-0.87445703100404
-37.478476357664	13.2081687806739
-30.0872887795687	2.65686339556607
-37.6110234941026	-0.380147115947178
-38.9543123224241	12.9091233373027
-39.1272142418436	11.6264509119663
-32.4351222618818	0.44258377732487
-29.792597840221	1.29227296158282
-37.9879216498857	10.2148642649168
-29.8828589555749	2.02685828469229
-38.2276966850955	10.1120775920713
-32.832260105678	0.0631848500574136
-36.0402254689183	13.1992442875458
-39.0235907983085	6.61138951009835
-33.0067345389766	-2.2742298610045
-39.8769244083653	13.4785733868283
-36.094861952107	11.4058378586526
-29.3284773575087	-0.786644540276089
-39.8736072378727	13.5779053780425
-29.1092573164907	-0.579481521147788
-36.9956524113279	11.6264237629892
-28.9298482300576	-1.38402109699927
-39.3385290014786	13.3415187092614
-39.4041211657346	8.75422021671369
-29.7057623626085	-2.85087589186128
-30.7979368066842	0.682910957524607
-38.2134050805217	13.251939019643
-37.4013605574542	-0.271135530275215
-33.5815384729346	1.7688621949474
-40.4908324912268	11.4882371253964
-28.312178666183	2.92932949399042
-36.7778854311052	13.3029157226505
-32.7605529669636	-2.55148604756523
-36.651423732422	-2.09943400966798
-33.0221098548909	1.54894459476057
-28.9439695624305	-0.781230211363033
-27.4609113005504	-1.16459720420258
-31.4449338728819	-3.72941983716657
-36.5192388299667	-0.330456800979325
-36.5808455213134	10.344478746445
-38.4599133017974	12.4267282414268
-33.7496702787442	2.01041142124919
-27.1736309687028	-0.915390908001873
-30.2612972076434	-3.10233864089719
-31.7740280453742	-2.55535802370101
-28.310191550427	-1.54622488254018
-38.0646381888347	11.8349948204071
-37.1000701477546	13.4419101457026
-26.9268471966966	-0.346928411988361
-33.8784624304742	-0.332882120916966
-37.6769502436689	11.1005241340314
-29.6334675401532	-4.65345261181269
-36.7959003626077	13.2922099179915
-42.1303999844647	-5.94498940667519
-28.8149551482419	2.90374032343533
-26.6457053063928	-0.0775719619483163
-35.0361977771289	12.4333167500997
-34.0265226752873	5.72129990175171
-36.4148863605966	11.3413730555337
-37.1476281726936	-2.30068571616646
-36.6526519281675	0.920059569402352
-28.2917391142032	3.41567857429358
-32.8782246475453	12.7178331167104
-29.1753082476662	-0.657767446225465
-38.639982894583	13.6715285536787
-30.1978984785515	0.783877888593441
-27.853743840653	-2.56411448698997
-32.5282057151083	13.1213239231243
-38.0184339711328	10.7450641565673
-42.7966109242066	-0.832786154260361
-31.0194653162955	12.9900196779223
-30.9471158956806	11.7788328876911
-27.1530549734759	-1.21941890486361
-26.9414277362945	-2.56222890795616
-39.2328467450693	13.3018189017375
-33.3696497998341	2.62686680612414
-31.7729368070429	13.2489039233455
-39.1566525789132	-4.08404893518947
-32.3701736441469	-3.34022929180352
-31.5172012183844	12.8292822867532
-30.5873137524467	11.8843775895683
-34.2306712279072	1.81375388275064
-28.9036545338845	1.69683237896786
-31.7870159428722	13.0399744554471
-36.5930835359988	12.8644332895152
-30.9105317686846	12.0492280701426
-36.0288074135538	-2.87393964408343
-30.5787508410404	12.9033540182142
-35.8748279487563	0.319099373949719
-31.2489787375508	-5.62025719279908
-31.2826408934175	12.502481994072
-31.3304872679536	12.255058096767
-38.3982993635055	-3.96260124692209
-41.9853421608269	-4.68001721734921
-32.3924314529615	-4.96428460378548
-39.7497378585148	-4.22188030455512
-34.0560364407137	1.21353973193253
-34.538447759867	-4.44506453838472
-37.8598593721952	7.24441340598193
-40.9879703199623	-3.07321366420622
-33.4187727365899	9.23203097558577
-33.8966187940458	0.564981888487865
-41.2124924958301	-2.41665761619225
-35.1956442624958	10.1391911019205
-40.2975472825581	-1.50373274468396
-35.0988047044339	-4.48077534819141
-38.9874719131775	6.62751768195959
-40.2724684218138	-1.30306081378396
-31.9792344346381	-4.10423765579778
-36.0979173681759	-2.67537838941487
-39.9343903852828	-3.59408607085091
-40.3507652669126	-2.9119517937797
-39.0204600696516	0.788776829360823
-37.8648033755081	8.43504754112759
-30.7057923105191	12.2935024692938
-33.3140042686666	-0.862044728011799
-32.0681039690406	-4.26104692029173
-38.2909874843432	-1.88917895114095
-38.0764860115421	1.47550068839037
-39.258530422616	-1.1630152951892
-41.0879747279989	-2.30428589047847
-41.5831615488775	-2.22001898191932
-36.0482543020735	1.58243012295896
-31.1676318622268	12.4930741781983
-40.2870628477668	4.75575629998255
-32.9363748585428	-1.86526838268571
-35.9205829358034	-1.06220488984949
-32.2590173824728	-1.95485656792845
-42.1464663136337	-1.25796921323904
-36.7700550845537	-0.394754863969687
-35.5066795407584	-2.88304136756438
-37.8996325379811	1.75123219260539
-39.6563611011498	0.877850897846776
-30.8941011545566	12.1087638444374
-36.7617602370887	-4.89760518107918
-31.3604933424004	0.194197228556517
-27.1471874341342	-1.88109790548909
-31.6564968941771	11.2530405843007
-27.4201284819279	0.418920050577479
-32.4872166479815	13.6386117409567
-31.293377713238	-5.05210416861643
-36.2317268012469	0.916710273720062
-30.7643634435222	-5.12467765223306
-39.3825857324688	13.0492151975255
-30.2018941148784	-5.49688869313961
-28.6502904904211	2.4140240824761
-41.9940837562179	-2.01303130498569
-35.2259284925642	-1.47492674413987
-36.5409095676958	-1.85066191106396
-42.5050229432836	-1.45218794712279
-42.7783456589342	-1.13984031521392
-36.8936233917652	6.60582617683104
-40.1077794789831	5.06100950260834
-40.6662222168376	-1.62149644603372
-36.5428531132396	-3.04710808500849
-40.3020518573934	-1.11959119471822
-32.4624483774923	-3.15029957011808
-34.571780532095	-4.35800910144716
-32.4274960378712	-6.4849070721426
-32.6405330767478	0.650412954184349
-32.4835510697819	-6.63812381343567
-34.4676558306206	-5.49702998218189
-38.6891129550812	-2.09731992768637
-33.433351078538	11.0961323010851
-35.5429537388289	-5.89929055628988
-42.5954505675082	-1.23839155725713
-38.7462008781151	-2.35652332390564
-32.1960647164824	0.512654655022024
-31.5393822956358	1.12959437572912
-39.2031512648974	0.152345594500597
-41.5733039075939	-0.666243996378601
-30.0934704078129	-5.82682583900573
-37.9578261965214	1.23730209292268
-41.0103639254161	-0.097309439066747
-38.066144282047	12.0685441276561
-32.6934162984343	-0.00596007440036493
-39.7100891217935	-2.26317716261844
-34.0011193365836	-1.02465677381016
-32.1413751373272	1.72082522653618
-39.4585892395505	-1.2238752136022
-40.7378883545669	-1.55167665841434
-38.3322505139466	-5.43863234365766
-30.3717262727246	-5.47293702172797
-30.7288265753439	0.622983398432192
-39.6121622190405	8.83933126386967
-40.0564028140227	0.168200878352822
-39.8249109590501	-3.18598884424503
-30.4101212900195	-0.45301368626619
-36.5745697144776	-3.31023931311941
-37.0035796716597	9.02844284441615
-31.985757354292	2.74103823458471
-32.4198167790973	-3.55120885874151
-31.9814021541195	3.8961005535689
-39.2034280393349	6.24112505233548
-32.9883255789127	-4.07275819048855
-36.8669803148025	-4.86372794714481
-39.6453415664034	-1.81129925557122
-33.8733405358535	-0.283530545668551
-31.6945457335574	-4.94123814218961
-26.2829387849068	-1.09966369380533
-32.2472215058311	13.0677184075072
-41.4524791163868	-3.853031399901
-29.4817775343437	3.29540843920184
-36.2929738476143	1.63351697316619
-32.3555356672304	-6.38851468371042
-39.315540718002	-4.50927984217364
-31.9613244117472	-0.248246319624312
-35.9362534641054	1.50003404127193
-32.3571611266229	-6.39156369333953
-41.2784454550802	-1.15231922432393
-39.8439644922155	-2.82193742041926
-41.4948840165209	-3.55404420826709
-27.0491315411169	0.623409552333785
-26.9542435966977	0.815813920614162
-38.9255610552381	13.2425137983001
-33.3550315646524	0.724268563718798
-42.0737152552145	-5.60968306381728
-34.5885006905429	-5.29016447967475
-39.6362777057807	-0.54097791697265
-38.3652590975621	7.68484346213855
-35.9806862543437	9.97683895903858
-32.8252678488441	2.73684229803745
-34.8128410172183	-5.24438932422028
-38.6303728826855	-5.42404017566202
-37.9471465791716	-3.58045250557885
-38.8621125625166	8.10989862954047
-40.5237100381088	-2.73583292930205
-31.1236819801987	12.1889236179981
-42.8175955611619	-1.38466946271709
-32.3468848685381	-6.27917460954601
-40.8801443966621	-4.24846360864246
-38.4765353648384	-5.49877305071709
-41.9855102310922	-3.37698551019074
-30.1384291248193	3.28987400589446
-31.6712163410459	10.8422937859171
-39.390741019571	-4.68556239434196
-41.854872195321	-1.47262996422699
-34.2626552623067	-0.476397090660491
-39.3174438254915	-4.5580101771273
-35.1907691864487	-0.830697147695231
-30.177928894909	13.186259924888
-39.9259537940911	0.0954739330762587
-29.3882893545553	-2.95893015067923
-39.8798656108434	-1.63462334816881
-41.5600923824688	-2.88960141946744
-40.5318919273522	-3.32121962581518
-34.536962949948	-1.07179917175594
-29.5294838978418	-0.992473390568053
-29.3912818176633	-4.02659804224311
-37.521136910151	10.181778405274
-32.4257522188876	-1.03849451846531
-40.683934268969	10.1421966825898
-38.8375912270838	7.59118267054218
-41.7039287495528	-1.60078942181371
-40.448869365262	4.47308439025635
-39.2017866013839	6.08067151617801
-35.6021190471679	13.1477001283252
-34.385786531425	12.5620464893388
-38.2131004305825	-0.415322039664721
-38.6877070653375	9.0093292107153
-30.6247559753336	0.506801354182347
-38.3360546016166	7.05865671498512
-26.8907210455479	0.375638050866857
-28.812197812434	2.45836216903045
-37.8411250524606	13.6474081387041
-36.3655541869243	12.4646331075695
-36.9244992666324	0.34357657391523
-34.2842791757866	-4.12423700768199
-26.3993251288399	-0.803615079574484
-29.4456447320652	-4.17386397286277
-38.3620797595521	10.1836668492466
-29.2631162943199	1.82241342311161
-36.4661501141373	11.2056127745686
-38.6928118461189	13.4643703156839
-37.4158284747599	1.72311701428961
-34.9361367391664	0.707094439006123
-32.0934166641477	11.2024942504598
-36.2082408981586	9.98254234273826
-36.5832346900457	1.42615396594321
-32.2402249364794	-3.41800549000269
-38.616252669967	10.4020945092217
-28.1241260608875	-0.520740876872256
-28.5837816679209	-1.54109377197523
-36.367102152937	12.4108768941232
-30.5007935725537	2.38090213200207
-26.9544989439587	-2.18054062193002
-34.4132988055722	6.22695068938527
-30.5031505984072	1.36703818261844
-31.9466660160782	1.44824863368649
-27.3080864446082	-1.82108841361522
-21.3780885976134	-3.39471662965122
-33.9948624120029	-5.0922568904272
-33.1592266156855	1.10281039770071
-31.1739764057235	-1.1448485410243
-30.3751798710039	0.355194131270903
-21.1990532063039	-1.57119151657752
-35.8848640439764	-2.32634401029388
-33.8351702410937	-6.11593500949285
-23.2562472752776	-0.0367026801998172
-23.3719284036462	1.16993048399027
-32.7688771265715	-5.30873203951541
-21.9769197733029	1.14396714088028
-21.6094933913867	-1.73157071888324
-37.3969362177239	-0.496379883146899
-22.0109176361605	0.593495129321638
-32.7586318593401	-0.164339385018367
-31.3872832524404	-0.414404133812297
-20.0301552536777	-1.63971169903118
-21.990464474428	-0.967499337067459
-34.4320979285567	3.97795396199857
-34.5576257389651	0.653947541330151
-35.9726846512959	-2.22571306285452
-33.188493173039	-1.11720942996531
-35.1428284675304	-0.181396374966481
-20.8390868814395	-2.90187625569167
-21.2841372779033	-0.00086859787609432
-20.6238709918282	-2.87907943978056
-31.267645111024	0.26140037791437
-20.9228085208744	-1.97899303110232
-30.8663102835496	0.26517044674363
-33.1399223418759	-6.57523516835909
-33.5041558494078	-4.39671411756122
-31.8481795905577	0.185633758278726
-21.6096159307905	-1.04164484426612
-21.5746861167979	1.45723472278829
-20.0464328192272	-1.9440494713372
-33.6404121935415	-1.72603045433825
-20.8186841915856	-1.40051224502628
-22.5150333887939	-3.1600561871159
-32.5134618378495	-1.26425765399213
-32.8462625342574	-3.36663772154339
-33.898732036019	4.20772610321798
-20.2906166138864	-1.5641340780208
-28.9803304293333	3.59405276875878
-34.8804365899372	-4.49183625010503
-31.2224781560488	-2.35145021883873
-32.8688233815154	0.128906962676485
-32.2880614406473	-3.5603725466829
-32.1952896398029	-3.37353490213748
-32.8284330194805	-1.70974568156089
-28.8993333197796	3.46328220395722
-23.3932559259963	4.22191325772767
-30.5154891116931	-1.17445788298973
-21.4166434556259	-3.2908532374568
-22.0373843173906	-3.37679815892582
-33.2457076358669	-3.8502302468941
-31.6842329383803	6.33709585212177
-41.4596158111614	-2.00422486442828
-29.3421172028785	4.0508979536238
-30.4192674038419	-0.163103660782343
-20.3781842833537	-2.90077870951962
-29.5346237350848	-3.11792395356442
-21.1455484844046	-2.88866238563544
-32.5394180301002	-0.512658509542585
-20.5040553180628	-0.675802659720995
-33.5124826018755	0.686554209185226
-24.0350942709361	0.620639862607269
-32.9038794094529	2.93107947204081
-32.578654675621	-4.05325183856052
-43.4202953380112	1.80618386260705
-22.2154689663468	-1.97682615284624
-33.0081081496369	-5.83615906655078
-34.4250657368122	-6.60115949056912
-34.8673400593763	-6.09221884845979
-19.7892897383792	-2.69384680719504
-32.292620212565	0.888188352982663
-29.8160265851168	0.500709409713796
-31.976834190534	1.81983672945818
-35.3195564821373	4.07811390151252
-31.523094696941	3.33075409576719
-33.3635548750114	-6.37237698147052
-21.4517819571712	0.619215146765267
-31.4346761688604	-1.51336169077079
-33.9596739032663	-5.30318734677795
-37.6252104370547	4.01853956343876
-30.8729451588788	0.841670204452372
-31.3190335693522	-2.79877967619474
-35.0378315608556	-1.56664729559503
-31.2549607176948	3.73700767459899
-29.9812761980004	1.99890520363244
-24.2711814455537	6.28075842753837
-32.2964830576381	5.05364801773981
-31.5534799627274	4.28215476226702
-22.1082213562521	-1.56160236051033
-21.4592389111908	-1.59886861224359
-20.9107050260752	-0.323979170107389
-34.9859616951043	-4.69782521848578
-41.4395740487803	1.41592641849819
-40.5041276507611	1.68822733611003
-31.5102054001856	-2.62916684147215
-19.6899968058387	-1.293841904677
-31.9291637929206	4.67825383160874
-29.4892288943691	-2.67356105704452
-28.7881372437232	2.96767935426091
-32.7854101559552	0.289695615222087
-31.3423387868462	-3.36455786542807
-32.11291558619	-0.449880728518674
-33.6976417064942	4.40851027748116
-31.9137766414277	-1.97518588630754
-21.0409846907272	-1.51318851170418
-33.6595204277118	-1.74794426866986
-23.0571521463323	-1.93369944179347
-33.2462707113693	-2.30324928474648
-22.8692071191446	3.34904951685407
-26.7305706451647	-2.22257269323453
-32.8373863721255	-0.264905390666052
-30.8687131244247	-0.3581755264916
-34.1085354945108	0.106509513452457
-31.6373877125533	-1.9778701917497
-24.2235984154078	0.809502085477417
-27.0403438089032	-0.120214912867911
-21.6603754492354	-3.5609162675137
-33.8598284610298	-4.74995041345205
-21.4408805901389	-0.555913774500974
-32.1258354406063	-0.0395059206776531
-33.3855088078768	-0.494476592546718
-34.4072712980605	-5.0488185034925
-24.2944236781174	0.879804496048076
-22.7280589225646	-0.348963376079106
-30.5994507912044	-0.281224807437408
-21.0757389754351	-1.02870439015233
-20.6488099983983	1.04508426168816
-21.3294219530455	-2.59293546783137
-28.7359944136696	-4.50156795398199
-24.3121367549908	5.64881853611091
-19.3083307979791	-0.413999184463738
-21.1268145915137	-1.00094085731075
-20.1753663261512	-2.27776414475417
-20.0915940455394	-1.85848422042083
-36.361420561745	5.05896267040166
-25.3255653029889	5.82312237165302
-38.0372697988771	3.36494818537885
-24.4563066578022	6.26203861224859
-40.4979215579821	-3.29648245991034
-25.2962855412473	5.83230383445065
-32.4694447109357	-0.903124760239132
-19.3193030534106	-0.137844277726693
-38.6742457915553	-2.14651627393185
-32.9678622292728	-0.791835977058188
-24.4166851469394	5.83369223528765
-35.211431544838	4.56448716883744
-24.8538123020476	6.08950412472231
-34.5181182036117	4.791024199929
-24.9966183339237	5.87164167074681
-24.7666306398377	5.36779147652311
-26.3979214326859	-1.56747887570659
-36.0091944060017	4.8172180407254
-24.7592219362152	7.14835591269422
-25.9625874345488	5.50140423437937
-40.179272999153	-0.640061337516655
-29.2929983983216	2.03248700156186
-40.8153885780502	-2.3628209265997
-39.9551640419066	-0.646123191844207
-38.7403699795094	-1.46024576563819
-22.9151604917344	1.99473909342692
-25.9249968860568	6.77011731401305
-40.6737058645634	-1.27472227044202
-36.5209981541816	4.71833047490324
-38.1148541450173	-1.06180913362964
-23.7230131598772	5.06433344943365
-37.819108346458	-0.621613013509176
-32.5153400013691	5.89725267911443
-24.5981404420613	7.07920438020804
-27.7839463104009	2.88987871533172
-26.7345818821867	3.18257298892513
-22.9515497407571	1.80256230866054
-39.9958763336948	-0.649077935640752
-28.6215063266388	-4.86314733175361
-34.4207602675396	1.18384112388745
-24.2803841808982	6.01294667163502
-38.5234252407197	3.3447435537541
-27.5968254816116	2.57121323604239
-29.3006167149864	4.21464573986725
-34.9549284312323	-4.74958224447542
-39.8728802192456	2.31040926300453
-41.3706972069962	-2.30505441772717
-34.5385486805586	4.11762697536124
-29.580583656563	2.84680522084583
-33.7872407641335	3.06199476143088
-24.8040003204746	6.13917279968736
-23.1232035066522	-1.91440279766882
-32.4137529529006	2.09427147389822
-27.404069756128	-0.565274568580099
-32.8299973909886	1.49178598693341
-38.5674295435257	-2.22639795615261
-25.4588481944741	6.35059800319697
-31.8672743523995	2.75263871285502
-25.18200696538	6.48994546691531
-32.9260144384664	5.49635496239867
-36.3749143640257	5.02252494000892
-29.7740098452386	1.90481823006024
-29.9040444881358	-1.57488763139018
-33.8835625159537	-0.520962385722118
-22.5856545190196	0.611962527780266
-22.6564048868875	0.84094946951544
-34.9910337635369	-2.64946081285133
-36.3591279850377	4.89153302300397
-25.0579193234376	6.50909507346112
-23.0908830649771	3.85035754335498
-35.8977606023961	-4.11540239299947
-24.7882608568158	6.36713690735725
-21.0565111725853	-0.290000746620429
-39.0329094112804	2.6444439143502
-23.8785604220063	4.94313061802935
-27.5101051178873	3.04461241190183
-27.7283890118656	3.61727800320841
-40.8099277756339	-0.726836735176557
-33.5783096544515	-3.64008894199844
-27.7727134000882	1.72154861365817
-36.3150634934395	-3.81832885961017
-40.7430888004627	0.56392650875612
-22.0904613378741	-0.438033445904862
-36.6515034940553	4.80322356904739
-37.2066890293332	-0.774309035771832
-30.6320250257982	3.14726697234893
-26.3469688193045	-1.39992751935706
-26.3791866512037	-1.52556618099206
-22.9049762128285	1.12707394323347
-29.8720833786904	0.455894544238437
-22.5504336511035	-0.869350033982123
-24.5266599680777	2.8318202011393
-25.1660049358635	4.46002075563657
-23.111694868899	2.10558886585971
-37.3568253217932	-5.57849311262107
-32.8447732644968	2.84702481350118
-39.8409312355887	2.162841652504
-34.9213544011088	-2.81314607564884
-29.6057437816601	-3.42396467152165
-38.8675660425988	1.83019397969214
-34.6842059527139	-5.85960385597597
-41.0226295134221	-1.02529965387004
-38.9303591215442	2.79370263728377
-43.3396212426756	1.73467839559842
-23.0697840034138	-2.91751305861661
-29.6874655657736	-3.45789221837108
-21.5839093627552	0.236817792731367
-41.8222215760898	1.64942277449854
-38.710575950328	-1.11441442113788
-40.8692431481332	-1.94375817672196
-40.1107404072447	-0.825430551545999
-31.2910637326266	-2.037258898409
-38.501075770261	3.05337121551317
-32.4963242987946	2.53689844362861
-31.8982653548466	1.55455512539697
-39.959520298569	0.818671587992972
-40.6188774661277	-0.524016979208618
-40.4331180032573	1.2007016646909
-23.9306363458288	4.34306911651865
-40.129172317806	0.61921015436984
-39.2255199193872	-0.289865093378945
-43.3943346812091	1.79431942412371
-34.0033365615432	-5.60197566266476
-34.4559555078981	-1.01543371338385
-32.3109985002394	5.01646683677707
-26.7420641446625	3.46147972999457
-33.9999282396108	0.101280121742692
-36.7944060828606	5.46733209078997
-34.4092973301505	-5.85056875272857
-32.2197800008186	1.17908627143448
-32.5056112657937	6.11868442459692
-37.2326490471031	-5.69498851930169
-31.9506459778972	4.53560724242316
-39.0520623299439	-1.52797705728907
-41.386521640713	-1.96460575971216
-36.2354209665718	5.82021426068663
-31.9983003997637	-0.0696301216770919
-26.7728778694137	-2.36821455372558
-37.4896840664129	-5.50700239667049
-27.4530198934471	-1.33787302559084
-35.6679698152264	4.71585930153965
-26.5164816645853	3.46031903692042
-35.9817434407274	-2.07706505899404
-40.5022718784488	-0.172677238262671
-34.4036352948043	-1.27187808643578
-40.9029414886019	-0.267410787644926
-41.0578377964504	0.454444725829227
-29.3460079721973	-2.78994285027807
-38.6701183917616	2.8599480345422
-36.6753001463376	-0.546387656984835
-20.4398533776736	-2.09067124133217
-40.3763044429346	1.00920583325707
-41.0866220470929	-0.476475989912834
-36.448206108686	-3.769810295184
-41.285212471486	-1.41713523236691
-33.6831416475934	4.64045071105325
-39.4466735978046	-0.762469643601854
-39.0075311164845	-3.09100236012449
-41.4441112473564	1.11320619843206
-31.7616899058612	4.61548346415491
-27.6563215461974	-0.423485728172829
-21.0141364197292	-0.754318862058388
-40.7329574831241	0.538807836550897
-30.8034946140624	1.54740606374699
-38.2088723777584	3.46698686707125
-41.0697339604013	0.692710117392576
-41.9552714430863	-1.13868030067971
-36.8258577496353	5.33843833946855
-23.3373235736367	4.36283470054314
-41.1179878946681	-0.813927175458597
-32.7799422981908	5.9760368586243
-40.6829088958048	-0.801539991143319
-41.6334781225195	0.504678444193968
-20.378564183628	1.09178068355883
-32.6563970351007	-2.35287707005018
-33.4672853670935	-3.56018943122637
-33.4667923074888	-0.888861692563668
-27.667093973613	-0.363689688728179
-38.0080057357861	3.86642610365331
-30.7917047090109	3.30025198196919
-38.0988059820874	-0.705068052893557
-37.013826815131	5.47567371997575
-32.5617764362429	6.07942235594803
-31.662724370305	-1.87147932194305
-33.4291048212606	-6.30453325370189
-40.8936019384622	-2.03521056165851
-26.6070370488217	-2.38751802072943
-25.6094094614927	-1.48550795315788
-25.9093125419048	3.61492962680802
-28.6598512021942	-4.51924793495549
-26.3494359962278	6.95072856772614
-34.1572532257552	-6.49682648306116
-34.0306938845185	-5.89955530311091
-19.9916311565219	-0.246564012342545
-33.2345929672022	0.609583272999782
-26.2879782912914	-1.55561172008698
-27.3618647833546	2.11956403777545
-35.7440395203247	-4.91493773992817
-28.4910228136165	-0.484266746706664
-38.2181205946601	3.11071869448062
-35.101626990682	-6.61078775832718
-33.9569036965688	2.52296052694444
-22.5643532465517	0.326452782161903
-32.112858351791	0.933086007635128
-33.9428867394114	-3.35724435154052
-23.3261256552488	2.85863232043636
-33.1663439467477	-3.34183167891659
-20.9964733530284	0.584457514847234
-22.3321555805735	0.35605046068287
-31.4604946292585	-1.80711517794777
-33.6818194943843	-6.24176243677429
-31.6519856494978	-1.28640348844231
-33.8210835376282	-4.61639695640046
-26.2225297628221	2.32288849875057
-22.1709528793324	-3.3506795587311
-24.5907348876305	6.29793706489968
-33.4923817992289	-0.744564395285972
-32.6997159848034	-5.07709727922105
-39.3323010156422	2.20570800486641
-31.4961895531515	-3.04854673464724
-31.550994650164	-5.61989317199459
-37.80595717292	2.09852618667004
-30.3726143217348	-1.92880712972765
-29.7081700119506	-4.23862688234163
-27.5050597732611	-1.13444477141559
-39.7938741132784	-0.667058465011547
-34.2392506260688	-5.78173171218104
-38.2436034643157	1.26648551482918
-30.1605858825188	-0.310672999519355
-38.1619256329893	1.25825671749631
-31.1653143512204	-1.12114627346692
-32.5531426603056	-5.11044445544136
-39.1489660964419	1.52757781038856
-27.4893924304986	-0.815745492791544
-32.0293624653016	-5.37904437006306
-29.3220160901749	-2.74539235582647
-28.5731215392652	-3.42276833621377
-30.787661962475	-4.07961264005992
-39.8973952646567	-0.360782375788276
-30.3127976494182	-1.96702294519558
-40.2912400958219	-0.364626615936162
-32.5761242544413	-1.05254554208217
-31.8336313165117	-6.85816149942333
-27.9051172438749	-1.63950807526679
-31.2366545817161	-4.79291710668968
-28.4723042934605	-3.66047621831466
-31.6409430923192	-3.655216258494
-40.0328797594924	-0.733552568993647
-37.8958869994061	2.64342106767464
-39.0110911516105	1.93297704221061
-39.8823069091945	-2.04288546903482
-26.2866325864901	2.96796155009954
-40.017059088611	-1.49807347610743
-30.1111282684025	-0.47121687720105
-37.3699370225308	-0.279462087408893
-39.8095957787729	-3.00005596405272
-34.7280603106371	-1.90906416656065
-39.3829551827214	0.1656916289952
-27.6397364582484	-0.416129564980301
-29.4896448035166	-3.87241071136396
-28.5019547801039	-2.21661360228456
-40.9830948132645	0.140077073585071
-31.2197589837712	-3.78585363894529
-36.30188809975	-1.072161690792
-28.7250338502371	-3.51626653832992
-35.3966560210255	-4.59938092296587
-30.1314022197183	-4.11796852748219
-31.8136396390691	-5.13201426072875
-29.9018886963506	5.19527019127966
-27.699016954417	1.66301357151013
-41.8322535503523	0.438745569208349
-40.9585001313881	-0.953827915524562
-39.9516763400688	1.35807675406909
-26.121197468366	4.15787967808657
-35.7046243363549	2.31338286472675
-32.2936064619575	1.25227979322777
-33.4990527705981	-5.86075238960991
-39.8670220438103	-2.190336120063
-36.9900043191515	-1.95422313533265
-27.2735103355607	-0.919071458304188
-32.1084095959818	-5.98949980436434
-31.3899525260503	-3.24132367276617
-28.0949006295993	-1.20385934276756
-30.3962227328994	-2.89873761112575
-25.9638411706741	2.07443468570951
-38.4120610025687	-0.848891977329622
-41.1738046243975	1.51114168404368
-38.506682279449	2.88442094161591
-27.985947964461	-1.39664533884859
-36.2638449928862	5.69264173260731
-29.2289730454738	0.338172126912551
-41.8461744297182	-0.409800691912295
-32.6341095445859	-3.90175335644146
-30.0095275910437	5.40485397867758
-29.4946437293678	0.253794130304818
-35.7277614038301	-4.64304479231693
-30.2129037470725	-4.92595970270543
-28.3148527959117	0.57883288741906
-38.2858852775074	0.760500645018562
-32.4804619562049	-4.46017664758507
-39.7703526113757	-2.60537118088015
-42.1658945749658	-1.15467748241671
-29.322195377192	-0.568841402152212
-25.6139131966397	2.7956766580809
-39.3718170402882	2.62596440955654
-40.0176884611125	-1.82183276027739
-24.0165156901281	2.75721855249739
-35.9106585403443	7.23603843425969
-25.5004178450256	2.53959493360377
-24.6699723157514	6.01972516809823
-32.4375527293373	-6.51520054719205
-35.9687461757397	3.9293376301761
-36.6418005015111	-2.06218054921677
-40.7598891101702	-0.0675676287119633
-31.7977116293982	-0.744135644849586
-31.1066469528465	-2.12115156637928
-41.4195106708669	-0.419916953712143
-26.8048793524401	3.04544270839203
-36.0404109413107	-2.35926471126642
-33.5821333037381	4.38065197742334
-27.7866135104052	-0.251457942364838
-37.1991128889088	1.21326709043099
-33.7774223916603	-4.92316820649802
-33.2490358157181	-2.35672000480687
-34.7580243280603	-5.12376876394175
-39.8972852830056	-2.76907487649403
-28.831407942867	-2.5516540968834
-30.6617264449301	-4.55233581688159
-30.722330115308	-3.96093409671695
-27.4129868251318	5.6181074124829
-28.8329488427336	-2.13108282357436
-26.3435606644146	1.85113558793183
-38.9215765724066	2.17292149962874
-31.2318720497276	-5.9291301795247
-30.5508411646366	-6.50484149883832
-30.4898706309457	-4.35507447757027
-29.098161099478	-1.95287691972559
-27.9935490519981	3.22330000487311
-38.1247981158659	-1.17392910697598
-32.6744565175368	-4.12692363756672
-40.4393904752465	0.038002199952561
-31.4297617738789	-3.03515527742182
-34.5823885588387	-4.82375479075399
-28.4386070501747	-3.60779991804188
-29.5277126554808	-0.695923979260272
-30.5242075033067	-6.69388280408509
-31.8468723888002	-4.47171873641859
-41.8326061780219	-1.16409694261026
-33.9816651797096	-2.58500678433973
-35.4948548475489	6.26668894374335
-20.3325144036038	-0.199378271456742
-34.3383943368795	5.0383744952964
-33.3259978158997	-0.862930178796076
-40.3070365914516	-1.67763915090217
-28.0821433273575	1.00471037626122
-39.1070070638421	0.678487287236822
-35.1872879519374	7.0334195961776
-35.9560343708032	7.0892728217755
-22.844308468744	-1.37946360310332
-31.3167256038278	1.58229239521252
-35.7921281284738	2.64665902871979
-35.8617708693296	3.77368582661792
-31.8317487351492	-2.78272313551743
-29.3931512693765	2.28455166623917
-34.8209783447073	6.25632798122933
-35.8406584638705	7.05109480671763
-38.2036253629546	-2.47993376758633
-36.0284442715703	7.12175937268474
-29.7360873510632	4.9138789270315
-27.7982123993275	4.40848349027804
-23.1127247813503	2.15086810936808
-31.9932286806982	1.71431357665708
-36.1441457601256	3.43959379641421
-24.893514049763	3.84093989663026
-23.4287035205598	2.38369368709152
-24.0739222489571	0.553066409280081
-21.7517075588326	3.88013986240023
-23.0409650620571	-1.24538537922452
-21.6910661856185	1.83649726879895
-25.0012859332575	6.36650793808819
-22.0238838471982	3.32273915710513
-43.4296430074924	-1.51092229589035
-40.6028073035717	3.01268477110242
-20.4548308291069	-2.02370743193432
-39.7111233517084	-1.89710715117695
-24.2509291922351	1.69056874839911
-40.7521111659682	2.24630696873434
-41.2235599765026	1.76830091044472
-21.2315555182281	1.97267964396356
-29.5432210748335	2.05953623074325
-26.6027662105131	7.99995604471603
-27.1061818878943	7.87109046440238
-26.9440032029233	7.65437046548272
-25.5007735674788	7.48636377459627
-42.0646776878033	2.32054707974433
-26.7340296945156	3.9971538861479
-28.3721418361311	2.25691898737855
-35.1080178866531	1.42625699981319
-20.9175579953728	-1.45690502707809
-35.4916952552916	6.70645291211144
-26.3881452568249	7.87148312552869
-42.3867898006111	1.05829864788497
-20.9023083557019	-0.668435897496403
-25.1212097803872	1.72588817395387
-20.1540199710323	0.772684360329836
-32.9256905749711	-7.13230524480468
-21.8948872815594	2.03558231598401
-37.8842797617544	3.05755538588221
-27.3401303816588	5.24909551033996
-42.4187205430591	-1.29753222410756
-30.5713030642082	0.636919545149957
-23.5668810988511	2.35143510932163
-35.6840201169914	6.39878263691817
-23.9575639776044	-1.35097801758391
-23.7226972489173	-1.20097199433776
-29.4994021009584	3.51254485428283
-28.3391456499363	-2.66551707399706
-26.6514648435518	5.35255832077963
-28.1331527049987	1.80881515844757
-41.4633132092023	0.351909396521046
-28.0264231160994	1.61381486771475
-33.9462220845252	6.89336175024381
-21.657935631202	2.47236277648989
-35.9479642639286	6.72812843422457
-35.9830570725864	6.7042437484742
-36.1752421155417	6.50017963428182
-20.452956482685	-0.356662806917158
-38.9315689102739	1.15449310385485
-28.2345319514528	0.561945884746263
-26.560585703234	3.6695213835518
-21.2099307757865	1.05623071465985
-21.9154235073504	-0.689048647995935
-20.3754586713302	-1.49951287782255
-23.6525231240368	-1.11093732135921
-30.8003406529844	-4.91724809287145
-25.409366975144	7.39303890427567
-26.7436978284898	-2.32300762615401
-33.5777147911501	-0.787790142059809
-29.9608290914189	-1.6539317751417
-28.8696056269377	-5.37631380403947
-21.7583359350693	2.55739781602409
-21.3532196415225	2.44799801547496
-34.6572185779736	1.19998224822926
-21.4625936948508	1.68706763074542
-30.1719898753339	-3.13747560821523
-21.8028780955209	2.77139268148118
-22.2143037633778	1.75022450209284
-22.3471099641049	-0.797703092602048
-34.8515191731287	5.11715386151849
-27.5994378698207	2.96091429747033
-21.0799119717755	2.91478326231615
-37.5714574957182	2.95380600761671
-23.3264555539131	2.15731000003821
-33.0274497581572	1.08223109828208
-30.5947352608415	0.155222949353603
-35.6972499771025	1.55888477531903
-23.0611620132129	0.583690281885274
-24.5333867956689	0.429491823911739
-20.7541579361682	0.196866149610702
-21.6822062438347	3.07751504256645
-35.3159532736608	1.57997490767735
-24.1404898093558	4.70913082963259
-26.5560936611367	5.30195631780595
-28.3553504024191	3.40920414426884
-29.5159118452961	4.66400269252921
-26.2186982183192	2.96771284631564
-20.526975789288	-0.783846796525184
-29.7478237217961	-0.12429447497314
-24.5248595346479	4.44093599025613
-30.1786547818164	-1.32132510704474
-22.712304944228	0.903618610352474
-21.3815982170801	3.18106340197662
-32.437461287081	-3.50302206820714
-20.7154124231125	-0.810931302609828
-25.3322700754784	7.5232356977301
-21.9114776452939	-1.21007493700441
-21.9098461044211	4.03531119741845
-24.9048972098112	3.79581810424267
-21.6293657642758	2.9168197507491
-32.9957623113711	-4.73012565122899
-23.6814712021212	0.583613026962706
-25.189806185791	4.87443387951653
-30.4794228852615	-0.185775080885912
-22.4102047323229	1.90404149267803
-31.5805240717651	1.93437211075051
-28.1167619234402	0.710346964284139
-21.0998367939907	0.279888229200915
-23.7638094336276	0.432103624292289
-43.7795087400852	-1.57138839630358
-30.0929136473501	-0.276964793655784
-34.3293962528416	-5.79544103145394
-25.7510780249251	4.233777045837
-22.1911583697861	0.631438950480061
-25.8288926654209	1.36890131666351
-20.9587959967864	-2.66324226494971
-33.9482749205064	-4.98389302535456
-41.7700821195229	0.102320463484561
-41.977592757884	-0.263479383761218
-27.736953539398	1.85717256551893
-33.293474317929	-0.778451057023991
-23.9779387231786	3.97537672314748
-23.9443169394073	1.43961690878479
-30.0862668222003	0.0396797597435365
-24.6608361797499	-0.0785629009526191
-24.5077257866631	4.63736328882182
-25.7622876013821	3.4227366585924
-26.2442178293654	2.62657176020088
-20.4706453699853	0.611968023144814
-22.1914544003553	0.622492081707471
-23.4761159483693	5.38250961530599
-19.9443327468555	0.946884859147904
-34.611971517684	6.82713221132936
-29.8110573793571	0.236179147146742
-25.7161294822366	4.86796157168538
-28.615369052003	-5.54305643486721
-21.6219658557449	3.2721273036409
-22.2027303275626	1.34401126303811
-22.4565012478363	4.02298591101531
-29.6521242196513	4.83673294271947
-39.2357397152786	2.9077284302915
-33.1532044253179	-7.6094805262556
-29.0543171392828	-4.14663733101844
-26.7637915556176	2.86938614696769
-25.5673585586821	2.5901279207151
-20.3215747242242	-1.47599837025127
-25.0366382398569	5.47754751283197
-25.9013455060909	5.5341537344819
-37.3363259696317	-1.06687053409204
-41.2668567807012	-0.95973923358269
-27.2025613209735	-1.83890997624316
-41.1404689257531	1.89396362756866
-30.8990572600043	-3.78248919371076
-35.036193136604	-4.35901600837116
-26.397218708857	6.75292726420623
-36.2660413998985	0.811545667557486
-21.7913181159527	3.60584538518337
-35.2338913544516	1.49536319246919
-26.6041613872318	2.84264370239673
-34.2230367187958	-2.88963565738965
-33.0584606088618	-6.01707811636489
-34.6941928120255	6.22439486786736
-26.6324516831884	-2.30969393229148
-32.4830025633876	1.2087220201591
-27.0813429566232	7.76167760460608
-24.1520690158147	6.64851256595052
-35.8183095429519	6.90459122503674
-27.2172044538821	-2.67308869290605
-27.5017562390956	7.64929941776548
-33.9474472855481	-2.54516349171021
-32.3267661418844	-5.67912871147087
-36.1985364848122	3.52056497741341
-41.6740754147122	-0.884604220216622
-38.9600757994505	-1.02437552530528
-40.220980862976	0.953863654605995
-39.653239829377	-0.820073596604577
-34.9508810830585	-3.76910238580429
-28.3768594948922	-3.65899251610781
-34.0256798610115	-2.5224475534575
-33.3287748965988	-5.09915256061245
-41.5901425358586	-1.21511543709848
-35.1897678047149	-3.73534589403358
-29.9337301119285	-3.58837837071495
-26.6437569487762	0.742944909772551
-41.3416257108803	-1.48255644905007
-37.3371149101366	-0.809776954108781
-41.1012836361119	-0.668245891735233
-40.8077292447571	-2.54964532609172
-30.808825851201	-4.34108043234771
-41.1366170253319	1.51157526074235
-41.817645790301	0.0414776257193962
-36.8733459389308	6.4682462007526
-36.1417267918951	1.02308107185899
15.2345601434332	-37.0042651958458
-19.7676764815537	-10.1238147636354
-24.6953760701483	-6.92375125522391
-24.249498441359	4.35923894938644
-24.8249417925107	4.22055393235559
-25.6418053203681	5.3613338095971
-23.3526160363218	3.98799579826418
15.7780767459851	-37.76454088914
-4.03762796384911	-17.7223287212307
-25.0297018049561	3.14829808037272
-19.6782994610496	-11.1242557018482
-24.6259013452371	4.15283930278418
-23.6820668803446	2.46294609897968
-2.59968776351461	-17.8439142130011
-16.2463290769344	-18.7009700671531
-28.3470563152293	-3.52952146995248
-21.908618715859	-11.5992003958464
-24.2774655389568	2.88321858975288
-19.6981984580174	-11.0184471899861
-25.4697641363394	1.70329788846736
-23.8138244576485	2.73999349286615
-24.5510487673693	-3.41429102149517
-19.0294755487571	-10.6410472722993
-26.0864895485618	-14.5929465491008
-28.814446144612	-16.135227193106
-28.6419047071478	-14.6413944451948
-29.3463271419452	-0.893547962557109
-21.8579852926877	-13.8251462634819
-25.6309165526365	-2.51500704435129
-29.5663874553707	-16.394276766156
-32.8676967271936	-8.8256792647695
-28.3597796147355	-0.932190466731739
-30.2482370543123	-14.3227306035247
-2.56615659613417	-17.8505175947557
-22.2134662844133	-5.83530734766254
-28.6823947038047	-7.85309820705193
-4.24864104459705	-17.7185645837075
-29.885380210608	-0.965373700084523
-31.1778516635307	-13.7780815424066
-26.0575411074769	-2.64273148081539
-29.8753246777584	-2.80348855305255
-21.2155044808687	-14.4723009995135
-24.2074978903728	2.77102358552218
-22.6076779314449	-7.49000438759347
-24.9959526074457	3.22885195582593
-28.7728910652439	-2.98277045359945
-25.2901113143369	1.73215065120132
-24.7221485747089	3.36427649214837
-25.0518585785864	5.31611430657099
-25.5427043657375	5.40726946328661
-25.7572350808871	-5.66118610490408
-30.1082746713792	-7.82068224804046
-23.8628771318836	4.38055779355052
-29.6732063076482	-15.2961188004286
-24.9677856773107	5.43539985206584
-28.5091078695048	-6.93351284248523
-19.765570058162	-10.2972141094923
-31.7631348004437	0.246461252114562
-23.482452756065	-6.38200831541274
-25.8924543621836	-3.94067358616563
-26.692139614744	-4.73540335676546
-29.3864233834404	-15.2368582199438
-25.1001780196403	2.83736541420248
-24.7231393583612	2.64397189055116
-25.1142012551372	5.29883411040354
-2.50756039411149	-17.8475432481681
-2.5717481148805	-17.8263740390323
-23.2990394097441	4.60218213721623
-32.8748608989703	-8.55512053354394
-2.56312740875453	-17.850336538314
-23.4878939271919	2.27218664626751
-23.8145496285407	4.25571845704488
-2.35768302828276	-17.8149848475621
-22.3783027287396	-9.24228346357317
-21.7656949359755	-6.1905162952427
-32.404469610438	-8.29061154029436
15.6728406489839	-37.6198545281087
-23.6273958671819	4.44687401009044
-29.5049190322356	-10.6877143574295
-24.8763679909518	3.42108547279736
-2.58766462682694	-17.8487175581158
-25.4212904666122	5.26799451817429
-10.5116606633384	-30.0633441072572
-27.9008200849888	-15.1242062334352
-30.7612668500586	-10.3183482252819
-21.8797963244744	-6.97969149137216
-26.2284128513802	-3.34613277460046
-30.7021173934476	-6.48865159115112
-29.0790681074095	-16.260542424617
-23.5380541836296	-14.7061234095072
-31.1468588151992	-13.5726593395493
-31.1822586916057	-3.1912182896215
-23.9038159840659	-6.77059060086385
-25.0508566880532	-5.90497528012751
-31.6489531796071	-3.05286238641054
-29.0018348057891	-10.2242726329617
-32.2644627302175	-3.50414882937177
-30.9481172025268	0.29768416188583
-29.4714321651995	-7.39444984496544
-23.9947317798125	-6.58148826484413
-27.9220252480905	0.117074065943332
-29.4165037135448	-0.127679151315524
-26.1888712000201	-5.24623495644053
-2.86565378950245	-32.0280756705292
-24.9923985994418	-6.26317016390803
-23.1687167513867	-6.8624966205765
-20.4768918368642	-10.7129058235527
-13.3781002860189	-25.3311647709191
-22.3237086330126	-7.61472714681164
-18.3402459859952	-9.83469247688227
-23.4609654058472	-11.2822363020714
-22.9708030081129	-8.49264107964267
-25.1081504787312	-4.25104364471309
-27.3795848999566	-0.590555970206419
-18.4154122716099	-10.0010163249943
-30.9246411271843	-1.4938993588352
-29.8774662660255	0.527039177068868
-27.8837209671116	-17.0304025084957
-19.5345253622545	-9.56649039789282
-20.9727613674098	-13.4389690481136
-30.9846943359387	-16.4648234685822
4.12355002125123	-24.4844090990626
-23.609174723209	-6.70533998109632
-22.4602546428967	-13.8815975499986
-29.7331401960425	-3.88716111836145
-28.7610019879896	-4.62970138006174
-19.41933757826	-17.4660817661895
-29.4706145510905	-4.93709228619751
-30.4218234945891	-5.64860863846043
-30.1547120125077	-3.90420399236194
-18.9422881651245	-10.6708177987512
-29.3564719182918	-6.9840710963515
-22.650867965027	-6.89623191060359
-26.6491640034163	-13.0120291318383
-20.854336045339	-15.6183689275029
-22.1475424469307	-5.41631783961776
-19.6860412582019	-9.42449000857882
-24.3845589960103	-15.1606885739232
-25.1571557038509	-4.16890882310754
-20.2798141925145	-12.5390816842702
-28.4064804192421	0.2780643454273
-24.9376595052879	-15.079564410991
-11.0574962801871	-28.7033059875713
-27.2169884763437	-6.05957245158952
-24.7569970041676	-15.2298288669733
-24.7735119984016	-1.55795817269692
-29.8941545936025	-10.8728205987466
-32.9128069178635	-8.01698300600483
-30.3740559291543	-8.09571779642297
-32.7706090745579	-8.53950023063743
-26.891653070492	-14.2922384455347
-29.9490358303542	-16.7372672174256
-31.1242464850702	-0.0254836530095253
-23.154735698218	-7.39317336313766
-24.1585726161212	-6.92047052504865
-24.0468375880024	-8.07311364255742
-28.9787259151795	-15.4754811857578
-26.3446065600112	-2.64196454031119
-29.2641110525133	-4.46997897278175
-23.1528675647449	-11.9305870493328
-20.4692549832786	-10.6795630256943
-28.8004430005099	-15.303557155427
-20.4247918549466	-10.3125374060762
-21.8720913646099	-8.58032053945402
-30.0606097846525	-1.9601226932525
-29.6280532632821	-1.03649370696692
-16.3321983178794	-18.4552580151159
-30.6891629950607	-3.39222652362743
-28.1897919292254	-5.9978006603864
-27.8280050885782	-15.3547615917963
-22.0056827767851	-5.04185023179445
-30.4553282057934	-0.871929241135305
-30.4391755711614	-0.178731197891692
-29.9908755462764	-16.2428454455041
-29.1194640166936	-6.96947780778515
-28.9764791409033	-1.35689477952524
-29.9778902898728	-2.75021070893417
-25.0151725103968	-1.31546503975113
-23.3785239021465	-7.32903073554615
-26.7977009706632	-13.4064149443869
-24.4103823215369	-3.4617799511726
-23.7739304483398	-11.1701247907025
-26.0500085703239	-6.37833368254495
-29.4259082136879	-16.0880610756593
-30.5993080931595	-15.1151495369996
-24.6785100732178	-15.36135769372
-28.2183125724979	-4.67640692751854
-29.1360969749719	-16.7119582322116
-28.972221922955	-16.2950171281555
-28.6369953673714	-0.89471308097036
-28.7103090686567	0.241434587695414
-23.7561927710505	-11.1994200092484
-18.5183216118514	-11.880846811789
-26.1043854589923	-2.58465051982175
-19.4031374967533	-10.7607967350695
-28.3663242052282	-5.20349896755982
-24.642379748305	-5.50911325815675
-25.7599908334022	-2.09547607193164
-27.4498958236445	-5.04427916984197
-27.806449437426	-4.32826657287451
-28.4766207873453	-10.122375458846
16.9880307457684	-34.0988027876026
-25.1816679440326	-12.7704874870959
-30.7618941654592	-15.3746417117726
-30.0784825477817	-17.3344970214934
-23.2036799108604	-5.30848615808601
-19.3475830111824	-17.0076628069207
-23.2783288286537	2.03782404428331
-28.9565234594172	-8.2464261986189
-28.8388212795342	-4.99515242822422
-25.397172353372	-15.0509988121842
-31.6180025696881	-16.1076351961202
-10.493105877536	-30.1097158019598
-32.3929847186332	-3.68367399683704
-29.2225412627302	-5.48062468159012
-30.2605049728456	-3.35192728753902
-26.2453464445412	-0.836755030965919
-21.7879376075158	-7.47048486959634
-26.5368204567372	-7.0690697502659
-23.3916464391405	-9.138875249811
-31.8600645753609	-5.45502784680324
-30.6009549899685	-5.73684705709054
-19.3297994965487	-17.6670893381497
17.0396661086953	-34.1069010334276
-31.2449183027863	-0.346540848649155
-21.3963431667389	-13.2639194520615
-19.6950083064274	-13.059320617635
-20.3834914559432	-13.2791681477408
-30.3833260658761	-1.16577947528836
-24.3478026886964	-3.9700308557413
-27.8265786332375	-5.16386159307789
-29.8093451187586	-6.19712691669488
-24.0772021564313	-1.48574630657735
-10.95331340034	-28.908873420992
-31.4337692915646	0.251706463027873
-26.0060934270151	-5.48082003701476
-24.3821280100546	-2.18564451793982
-28.1173295583341	-2.41133090840148
-29.7320914857814	-3.74593649198145
-33.3131169056384	-7.68444911397402
-32.800163093383	-0.399615389010226
-28.7319589548633	-15.6168219736067
-22.1604348834388	-14.5305705252098
-24.4111688336251	-1.6761898029813
-33.6720928128028	-7.3069991247789
-29.2380269566695	-2.4894111110867
-30.8682161014446	-0.434050211306477
-25.8920524377979	4.52200373539125
-24.5325234067269	-15.1140782399644
-24.1058550063302	-2.95946036999732
-30.7475059445214	-0.90481741196826
-24.0223551011699	-14.9183818149665
-29.7357441178942	-6.29111643991513
-33.8041793400391	-7.14727615604364
-25.8847772963734	-5.6737164928385
-24.6277182856246	-3.04898683419245
-26.4195218938885	-7.37150216787364
-21.3846926103751	-13.5718780137599
-26.3631056229169	-0.756671627687969
-21.2518026029143	-12.9011420462807
-30.2382285085949	-14.0146401840063
-28.4741801570879	-3.29998297867229
-31.9619501252474	-1.26277015882717
-23.8329996708157	-11.7271701509713
-22.2245986253421	-11.6711419365033
-29.6232943403594	-1.69874075798288
-31.198254053616	-1.58154085874011
-26.8558567459747	-7.81935314223083
-24.8433961061837	-15.3509890998753
-32.765801982772	-0.273832512349904
4.37229992367447	-24.3806422027703
-29.234451023254	-7.35625695559241
-25.1760212047654	-14.1024799458
-25.5684523386179	2.21760942420333
-30.3667269479745	-9.3098020544457
-26.7008600389074	-14.2294369189419
-26.996234923507	-0.639530867542473
-31.391587428482	-9.75889864670436
-31.2714292447467	-2.28289838743633
-23.2905565356654	-6.72261767796419
-28.4989309930567	-7.44703961053984
-18.2290519186681	-14.6761231436857
-29.7983552936783	-1.69287865318593
-29.7933734636795	-6.79294582246178
-29.537545337419	-10.8597834632354
-27.785624410376	-10.3858929327573
-2.77425617326942	-32.263410208331
-22.1263253939629	-11.6452426914029
-23.3048415460645	-12.799639259747
-30.0766009055594	-5.22074991009477
-18.684189597287	-10.0725796675594
-30.8918180788087	0.879706218212534
-29.2250669991982	-5.98524984368246
-27.5235846873262	-7.42738375451895
-23.2407754005375	-12.5647048752996
-15.4799004845994	-19.9930364951412
-24.2646856316002	-1.54604674488952
-18.5755445322314	-11.939849669495
-28.6038124211003	-3.04443991708354
-22.2348667679089	-5.68887351872783
-30.2469278147172	-0.338144078434616
-27.9026608567498	-4.43062532910515
-28.854693085799	-16.1488497356095
-21.1162628927864	-13.4876218303265
-27.0638350596129	-14.2951204390682
-31.1422881357775	-13.7725236012936
-19.8741778679356	-10.4444980440848
-26.8744755183626	-11.5204508820939
-32.8467141244501	-8.62852779765487
-29.468324274916	-16.661443783064
-28.7486830394057	-10.326715150219
-29.183100400644	-16.1517146912512
-31.9024798217478	-9.11813913898656
-29.621937266098	-10.1828967892139
-23.4406870211736	-5.39573687007368
-29.5285235071304	0.592022087579337
-19.6734289809294	-13.2646887256547
-26.8351943081496	-1.93665052482275
-27.8458207089959	-2.22942736225263
-29.9579612316674	-7.92624933376326
-24.753790166195	-15.2076508515718
-26.7802391059351	-2.56691289883585
-24.8994817093501	-2.03669617679426
-29.218935996392	-0.658968797181861
-30.5187809366137	-15.5321815675893
-31.4696323266131	-7.93323816709291
-13.9086096566438	-23.5207653804391
-30.9807239010258	-4.29012219088345
-25.2825878567291	-13.4097922650217
-28.694216713328	-13.1794685004769
-30.9280810444193	-10.236892193946
-25.3158800720057	-13.2189536231989
-20.3672890030186	-10.8095729610382
-30.1698577582732	-10.7951543861847
-26.2662316425365	-13.222949788736
-30.709000487001	-7.97439558920815
-26.804876481617	-13.0361310241636
-30.5658907263982	-10.5180814524275
-31.4110308015588	-9.11955007300053
-26.910326644831	-14.4915050188645
-29.7789521663337	-0.226241825050123
-30.4400658615035	0.00633689315963609
-31.2800637873076	1.43427638603688
-16.0819972043117	-19.5071306022657
-31.1431789863576	-8.23432403385781
-23.0472499751538	-12.0212262141308
-29.9308784160169	-10.8357580245688
-23.7542552119147	-2.9927608641316
-31.6705031447823	-15.6431514256755
-18.5711985239776	-9.90542564793686
-29.588607106649	1.84560232544376
-7.93675107194226	-31.5299334622524
-31.6537445914548	-15.4702718479017
-32.151135169695	-14.4410855548727
-32.9687853168622	-17.2126538177744
-23.0789617591719	-6.38816922005379
-29.6042475256701	-0.138868819912241
-23.235778971055	-15.7450137203255
-20.0840427468054	-18.4337868499743
6.73772182812275	-25.5682173728578
18.4875422068424	-32.1684268533771
-29.9236302254973	-3.8424504431298
-21.82685089768	-11.4730356951816
-27.0500189472766	-1.56260745552774
-32.9229011526521	-5.84698669279793
-30.4048456315715	-8.85949515696411
-20.091395062649	-9.43626342049249
-22.1761328161939	-3.82476096551015
-32.9977973931832	-17.2141261579538
-20.3643046111808	-7.92670705594243
-28.6417247884111	-9.54373600283628
-26.5327751350469	-7.22583187618103
-23.1408497592094	-16.6655600558111
-23.1532371231037	-6.27936481093583
-25.1188750665784	-1.07369582855898
-22.2590876803351	-10.6269820196021
-28.242947432224	-0.472187014479727
-33.6369947824342	-5.00041697995242
-29.3868426473248	-1.92794044007591
18.6714313243854	-32.124188113471
-31.5190035486057	-15.7482706420904
-30.9841570456222	-12.8351684600213
-32.5869491484313	-18.0105904170437
-30.6215569977559	-14.917049239786
-20.76108558499	-9.6847385845978
-28.4644415756923	-5.16938843806179
-23.6076786823542	-6.04334150394578
-32.0800738570579	-17.7737299695015
-21.3890636443761	-10.2846410745525
-31.7375120149482	-14.9901595586729
-27.5430509423483	-3.41152129998114
-31.8349938705105	-15.0422357816442
-25.0481470558566	-4.41635181417771
-25.4451212577693	0.253395013304588
-32.2599953829542	-14.8871907417928
-31.5785978705515	-15.6388131871005
-32.0560557875435	-14.5545810866286
-30.27127195906	-0.632485065271425
-32.9387767940928	-17.0787427614187
-30.811004707238	-14.9668372055907
-30.1765443462604	-2.15731290360611
-32.8371514562133	-4.71419253443552
-31.7133706187821	-16.1096500616595
-26.2198333229015	-4.66972034957476
-26.3097590258194	-1.28441338885921
-9.88417346402354	-28.7208341497445
-28.9660521371091	-11.4593467687288
-21.8249145400983	-8.63978164084784
-23.242458221742	-15.5851789261723
-33.4072216765057	-17.0331610567811
-24.8839886059494	-2.10672258758355
-32.8631155319613	-17.3606812064751
18.439193842151	-32.1811366475199
-31.2594432231865	-18.0407893107205
-32.7147778086497	-17.2625186625595
-21.9463660126603	-4.41720160221641
-31.8857304503368	-14.8270278920295
-31.8281814762228	-16.8173534106878
-33.1666360274582	-16.750255684814
-32.0642434437551	-14.9659697457251
-17.9016767318852	-10.0290588826686
-32.9414804899181	-16.9660249744914
-25.4276144483169	-6.01645309679897
18.6264375814516	-32.133024129304
-32.6119864797132	-5.52078668705552
-28.1236339370565	-9.94569385177724
-32.8244811762392	-17.6106071343216
-27.8961359646105	-8.5422355354145
-1.74617892839263	-22.2534516384416
-33.0454574565876	-15.1723962080505
-32.8913350942744	-4.68885354695797
-31.6407125604073	-17.388143723286
-30.9776981827717	-18.3714569087293
-26.7603939886175	0.38687921786084
-27.7909680623299	-1.31453883628361
-28.7115600480231	0.314125718298839
-30.6529177571779	1.45743815559063
-27.911348730181	-6.69187980000947
-34.0429156898399	-6.64228330055913
-27.0044196403543	0.95596199782077
-28.5981773985789	-0.464286486917757
-20.7623627847221	-12.6771900542468
-25.8011001449766	0.199425556080686
-27.4226656985702	-1.50162543317321
-24.8136505412312	-2.21259568674394
-22.8368019282838	-15.7019887603932
-25.3419908754969	0.907933256921936
-19.2338529769087	-9.57927708044679
-27.2158997974473	-3.94244281107814
-17.8775365216269	-8.43459502398594
-32.3102136026568	-9.6017211311538
-20.0449392184586	-7.98668353568145
-23.9880210498191	-12.3179449837492
-25.0965058696297	-14.6957350029786
-25.2334651471922	0.440508669019866
-25.3679252851206	-7.13010412252108
-20.1582186538516	-18.369483963429
-20.0976076917369	-4.26736106142158
-27.0332108688266	-11.4150568708571
-20.3833054459685	-4.54118024297226
-25.4349633432661	-7.25730360869296
-27.4461006042165	-3.69409633365095
-23.3304820008261	-15.4083143688797
-31.095467574631	-0.330608347677141
-24.5466992158227	-3.82267315301914
-29.0359779459599	0.845166837787302
-23.232739352328	-16.4425659896952
12.0554767002994	-27.4885797641491
-31.81417194905	-3.33809250343188
-31.8388488295413	-0.752806438327409
-24.7964803235111	-3.34136286913064
-26.6836970476298	-4.50492936219423
-23.1043127900355	-8.98655734841566
-21.6652960759735	-4.35802632205367
-28.0176880894399	-1.65933316363743
-27.6698864339432	-3.99301875015946
-24.5363667190107	1.22072068647547
-24.2756157876475	-3.83309243080246
-23.0161871794586	-6.06994799867805
-27.9670711451002	-11.3810411049316
12.0827334348775	-27.5340955600943
-29.1491217416647	0.463932612610642
-24.337808156423	-5.35581389315771
-27.3489617342712	-6.45227925482012
-32.6451185697547	-2.14069788218998
-24.3768071772063	-7.97091765954957
-25.7722831262641	-0.139033897966682
-29.2762501229795	-0.592808597869792
-22.4671346032471	-10.271612906029
-23.78845767261	-3.23853166451656
-29.6393707696061	-1.46432688112108
-28.4275051302547	-0.653145110642341
-23.6773078624934	-15.5807275031251
-32.6016808054055	-5.07800498016057
-31.6711312070419	-10.7802256382601
-33.2292748547439	-9.6141993034923
-28.0202734448441	-8.07096718496878
-23.7843381847764	-8.27654739697246
-23.6253412677463	-10.8010649206219
-28.8277151481343	-3.99081703030391
-27.8447973439413	-2.68756235673408
-26.8844251225297	-11.4605211853974
-24.7820333022794	-10.3836379708995
-17.7470768812879	-8.55274921862865
-21.7234553350285	-11.2050883955565
-24.3250994466279	-7.3596551987958
-21.3030347786871	-8.95733623925829
-23.823839177803	-2.34190860597698
-27.5450960442428	-2.32487705873908
-30.528169350471	-2.23035245945431
-29.5060534656106	1.78018995037862
-24.397917357925	1.31876905578831
-28.3359460116325	-0.956966566504637
-32.9742198823438	-3.89944628314745
-25.0687932950701	-2.13857519251419
-28.0254824841367	-11.0903846059154
-21.9790735521453	-4.44459120612819
-27.2099395686037	-5.04387502203856
-23.3848407853437	-12.0154475901023
-22.9489516310808	-10.2560581017806
-28.949524520782	-2.77423590939117
-34.3573164733234	-3.97206971684282
-25.2411297252452	-14.5550639955108
-22.5163764895758	-4.32306577136502
-31.1000646632703	-0.639107510865092
12.0797222775838	-27.5756924306679
-24.146751615504	-3.95158803118134
-26.9061551679275	-4.18366565096968
-23.1536689420935	-17.3942731350146
-25.970775929599	-6.73458425345741
-31.3493686488043	-14.6028137576911
-22.0500250215042	-12.0333552594274
-24.4071283981682	-8.93362154310279
-32.9051936529627	-2.10139342921661
-19.8511832439966	-9.5145008620526
-28.5636468060191	-3.10673805882216
-30.9960816681865	1.82690741245251
-29.7903081790797	1.15170144202425
-19.5379510957686	-4.72635247834193
-31.1176642667061	-4.21066600119582
-23.6138435928117	-15.1748085467167
-30.1336977218235	-0.884156687231769
-27.3881013649417	1.29507447768401
-33.6289799194108	-7.92543853821193
-28.4984247456613	-1.30221136231539
-22.558671346283	-7.45280880852812
-24.1897058860508	-1.5825410227639
-28.8297314837905	-1.82537343470909
-22.7597398600604	-12.866403148809
-24.9251598856257	-3.05841223980022
-30.0711210263259	-9.47617138292106
-31.7611698854023	-2.63660716081107
-32.1499523653755	-2.05559079024077
-35.0994929252782	-4.75517603606764
-29.1086755740999	-0.968248096588912
-24.8899995669211	-2.19697121694763
-25.056568202272	-14.6649688945868
-23.7802826009879	-13.0913113919562
-27.9133035487374	1.32046837611981
-21.7323825541561	-5.7806884278571
-29.6981682259167	0.792524467336159
-23.9691605801261	-5.7178642321822
-32.2726645863017	-9.30881739305464
-23.6022867552016	-12.0589981635779
13.0894966460738	-29.6490176755332
-23.2990801416894	-16.1762501011137
-29.016863878436	-2.00601220608032
-30.1456765696372	-3.4013087763434
-25.9792572610846	-12.370798140195
-28.0417358124044	-2.94681578255764
-22.7934214810362	-8.11537371943176
-19.2964563033613	-4.72222303308893
-24.730752318822	-15.3507477731444
-26.7976136078748	-9.98005550688194
-26.7394087290113	-0.973704232068901
-23.8834450960369	-15.8179769363909
-23.3402948580973	-15.2272917852519
-26.1066364260705	-8.3671304137638
4.87824255229084	-24.9674293790821
-29.3702895354804	1.99590847342416
-30.0633888043869	-11.4924401278944
-19.2318493847589	-6.57193242341023
-30.7171459330955	-4.08741990910817
-24.3314971993734	-8.07254382613987
-29.2599030609269	-9.02290580537174
-24.679677307562	-8.30489131869323
-25.5241930691571	-0.825709338905258
-29.1856426034807	-1.70481041425022
-26.2958310042703	-7.24117067530807
-19.8997306917988	-7.6286347897952
-25.5793022846929	-4.76520885595393
-25.4948361927843	-11.2927613809333
-27.2086456335596	1.25390004162564
-24.2453082847726	-15.8080331163433
-31.9995937857623	-10.4378249249174
-19.397898436326	-3.84087856901172
-23.6050537286047	-6.34972053848919
-23.708785780119	-4.1786919972345
-28.907553706472	0.773849324848471
-25.3069727625507	-15.1186287309331
-26.245107322708	-12.7450227629288
-26.1792423564668	-12.5756843247094
-27.9930885627819	-11.315261854586
-29.6261049885805	1.77528843867828
-30.015419627669	-3.58360287082571
-25.0794815362727	-0.809753791346431
-30.3187348952904	1.07379171153138
-28.177881123924	-1.4596929182263
-32.153014148783	-10.3887542313171
-25.0739253861367	-15.0862372803336
-35.1107379163016	-4.73987022650925
-29.8283834431763	-6.01415954108767
-31.0030040631047	-2.10326355872387
-28.8931545844312	2.24397564500147
-25.7521561826537	-4.65746296314109
-24.2578970235117	1.36645887282324
-24.5093749980319	-8.00154233648401
-24.8517664498132	-4.2954221697388
-32.0818519995657	-4.11145460974792
-27.9093391251531	-9.85114735724833
-29.8144408041731	-11.6909654656305
-29.6367715054728	-11.6768361261902
-20.3670301694102	-4.58742457847523
-32.8221121989958	-9.78124295962964
-32.4559139465615	-0.756265595803007
-30.243586927976	-8.75379456061266
-18.7640125243926	-9.76047902643681
-23.5690941143676	-12.1477855086588
-27.8998477155667	-11.8597659153233
-21.5518063328621	-10.4621292853423
-24.1118169669487	-13.2603864216154
-33.1989556048777	-9.63196101130971
-19.7133902760284	-7.72596657107958
-22.6313559999986	-7.70089669822667
-29.3749513555583	1.59701241878365
-28.3662040048326	-1.43248448284436
-22.142253423664	-10.685017793774
-30.4584792054572	-14.8521077807408
-27.8810585398483	-7.57797133657504
-31.873889968251	-9.56387551608528
-24.904095249683	-12.5051135895885
-22.4243657757233	-14.5473296476732
-23.4187511516566	-3.29084825086483
-31.8280857448141	-10.5897404074482
-22.9833204418745	-8.99005973872415
-22.1729146637654	-10.3054686500761
-27.8266286088535	-2.07465359492686
-24.7865740520414	-16.3189958587358
-24.6302549666122	-6.63691278732306
-24.7772632320443	-10.2395609052024
-32.66525069537	-12.9883693335828
-26.8587840024613	-0.608548631220542
-24.3439084561157	-8.06378425213139
-26.0684700139072	-2.86018591791896
-30.8266653571902	-1.91843935699162
-34.0137413889977	-6.20209679701686
-33.645740712882	-9.18456656559191
-33.5727370210739	-4.84705785262113
-33.3720806194477	-9.20201391624583
-33.9342686281288	-3.96746390996766
-31.1749657948461	-7.4682565626463
-22.3360486704353	-10.6927755414167
-30.5752730804435	-8.4934472134292
-27.7749471260176	-6.84830744311389
-21.248993696153	-11.763091041007
12.1132058628139	-27.5487189234676
-31.3246552473275	-13.4970645434259
-29.916003591208	-9.95399777689978
-28.2098677970998	0.502607782282148
-22.3694552959724	-4.56462384252734
-20.0518111212825	-18.4681038293895
-26.8938261158429	-4.84958405380699
-20.2643690467089	-12.7976873755268
-29.699504336096	-10.2043501971063
-32.7655341950239	-9.56656342705421
-31.0347982734439	-7.96671762688548
-32.8162842350297	-9.48456289946943
-30.2501524638883	-8.81661756334566
-30.3891632933522	-8.8577989595244
-24.3947447520302	-2.63812569924914
-27.9793656666407	-11.4071965278221
-30.8249713377328	-8.13268772062744
-32.8362445952114	-9.93224396942467
-23.7787846574394	-16.4553303713984
-28.5038151129209	-10.2272066856958
-33.0865580220991	-8.67946590783419
-32.6042566407168	-10.2328003584201
-21.8963414144167	-7.87618698703356
-23.0749602865153	-17.017619214451
-23.0139943048633	-10.1340486933146
-28.6111532118017	-10.9346602543625
-28.2468225176795	-5.22696486992504
-31.1031557230408	-8.06021454906832
-23.9385369975574	-3.04480519546712
-31.3171662138328	0.907885790138585
-28.3109795604282	1.98047691318512
-29.2392257090244	3.02440698140319
-23.8044707281418	-9.93573729525524
-24.3511756358644	-11.3514645850284
-37.130141584861	-12.2991902267066
-37.8755220578683	-10.2351500299406
4.57281007477544	-21.6077172883858
-25.4112732105482	-3.32601263946073
-26.8539072658302	-8.35833909332591
-37.0150750413589	-12.1633276377478
4.56954796925058	-21.5989518154968
-37.0827608209814	-11.794739943129
-29.5371277312261	2.71230030970153
-28.8618870290928	-5.61450756650988
-28.5577944703351	-1.55406429332449
-25.4415028019138	-1.95437671434837
-34.4523448941466	-6.93162801531001
-29.8729019602302	-13.5549681450609
-28.4557076446349	-6.15077276490755
-26.7181534233025	-14.8923967681696
-12.8985290109521	-17.6152246008152
-35.3236203644125	-5.66496866735381
-27.740172774472	1.91867804401622
-27.4356708488641	-15.7392792494962
-33.5617398636091	-7.47919831971845
-29.1589128662426	-7.61489528611284
-26.4749367152445	-4.06517644297713
-21.2341081367734	-10.2325206406353
-23.0385080969121	-9.53426312307668
-35.6077239734583	-4.6318532502471
-28.3431837266958	-3.72011652215487
-31.508092293172	-13.7364902773259
-29.5803538631949	0.60259443018936
-28.9846094202786	-13.9376292030877
-29.4431379354168	-12.9956049133034
-30.4351987488144	-4.27486918631221
-28.0503025889887	2.37893660571024
-29.0932719952382	-5.07513978854069
-36.4488043268973	-12.8052452645659
8.80852525909636	-38.6634232731334
-30.0686225248473	0.876737427440019
-39.0295422657529	-10.276873754886
-29.787429965849	-6.49574720245794
-36.1683261873878	-12.0800708632124
-27.1421912109137	-5.11525682175268
-36.8527586183384	-11.7596603378392
-28.0333885555052	-15.4384571516356
-38.7316749014298	-9.96143864273409
-26.1225087147287	-14.625224144212
-26.268756577924	0.0132621352281327
-30.5883729606403	-11.6012946856456
-36.2000010656725	-12.3522708262884
-30.0385055686957	1.84202425152863
-38.3509683342177	-9.71062092833584
-28.4766693134925	-3.79344793721812
-26.854509876457	-15.1004496994438
-27.5316268424261	1.67227796341333
-28.4934805288165	2.13292831499962
-24.0828752687231	-3.6864294935508
-23.3150670821519	-12.1705139237481
-26.1786757517392	-6.50819706926455
-36.4934970179527	-12.569737937484
-36.5524811149984	-12.089065220211
-38.2232628014128	-9.35352155632605
-38.2293610901859	-9.63177495107413
-38.2258254009752	-9.76860718095908
-31.7946295226686	-8.4705139724022
-36.6754317870373	-12.483520243249
-37.2831724798519	-12.2268705689518
-36.8331129247276	-11.8797423714896
-38.2614514957611	-9.62150631762802
-36.5528663587578	-10.2992146551454
-36.7473190810544	-11.2435420402557
14.991322710806	-30.6112357606398
-36.952685064575	-11.721439904179
-30.9178965783735	-10.3620917175222
-33.0109319732161	-2.76221702541403
-30.9112907139381	-13.5157722478893
-30.503108445263	-2.59777604013323
-30.3113348104735	-12.4679903127586
4.5976386567274	-21.6330671977613
-31.7702278286	-3.43637836801702
-30.2773661267245	-12.0429910202604
-33.5860999933575	-7.66173226528629
-29.9936140900533	-13.2447444117411
-28.7129133058144	-12.4724279425421
-25.9430325440199	-14.7017029432576
-29.1269179385455	-14.8396318795428
-25.1669767949736	-3.30572706671332
-12.7421608340565	-17.7214989485451
-27.580597422597	-6.82778848243284
-28.910413996244	-14.7007354049152
-25.2889594260645	-3.00117175886995
-21.929391066182	-10.7220515621373
-29.793043203614	-4.44794387306383
-28.6797632209825	-10.7668302718128
-28.024464142875	-2.50905972803565
-27.4788995237018	0.203699180960884
-30.5524486361601	-2.01028407664375
-30.5999571028171	-9.19976770352553
-37.3473336750535	-8.14409791616275
-28.5172933924231	2.09941708166597
-31.4409909483208	-0.323387153925966
-29.9754200399835	-14.0646437818608
-26.8427463156183	-16.8680934236846
-30.108666012372	-7.89867648910845
-25.7343943364655	0.766706425217204
-24.5566498218077	-4.98752903192628
-31.6878896519643	-7.69539593767079
-31.1188481080093	-10.5788794113155
-29.7211285302785	-1.13947109059581
-28.1277613833954	-0.102289637433266
-26.5111232942032	-0.365066885666326
-28.9680261608342	-13.0627466451342
-30.6407549983613	-0.763855511839987
-10.7186898290423	-23.0833289860779
-29.6025993383507	-0.658329139336776
-29.6017101741895	1.69653921887177
-32.1264009408534	-0.304776399910189
-29.2356790529684	-6.32700378130452
8.75069156999996	-38.6841380969305
-23.0903916197379	-10.6633530856306
-25.6902898331293	-14.3673441920487
-26.9311049637832	-0.358259080195392
-31.7801034223994	-3.53508170497269
-11.5534554775013	-21.2376649486165
-27.3445476839677	-7.23607671716903
-23.5212162250502	-11.1987142517641
-25.0452854746182	-8.61714233196423
-27.9392703009801	2.12285349834486
-29.6975957216591	-14.1611039470285
-26.8810857683187	-16.5117053158899
-25.6988968537644	-1.84586857070542
-28.175837950745	1.76032817544794
-24.8568748403087	-11.59963117811
-26.9859061401493	-3.77113877128969
-32.3048787029495	-1.19430380803279
-21.439167143109	-11.3069800864796
-22.9278422266706	-8.3628253357269
-29.4862614116311	0.788771557896946
-29.7077755332789	-15.1857616151507
-23.9542080545622	-5.95940267121155
-30.9769746678931	-1.45122580466127
-24.7620615369117	-9.00605450454312
-32.563183746028	1.39144004754985
-34.7311919510971	-6.73472339914743
-28.8287414118282	-14.7168608517136
-34.1076927848204	-3.50771574731497
-35.3413441131717	-5.15028539594633
-28.4926563923279	-3.76325396579763
-24.6330358025383	-12.8419979886169
-27.88671813862	-1.86605788964632
-31.3267072320861	-8.50380295996998
-27.698318616151	-0.631838871889882
-31.2788496793185	-1.84607889606916
-26.7706931779318	-16.9018844426367
-21.5966108120714	-10.058772169487
-29.9344220015098	-2.02398858697295
-26.750211326022	-2.17253948055674
-29.6303206811563	-0.758212357439831
-25.9974577699691	-8.98497155230445
-27.1613525039324	-5.17355086796003
-28.3805268652503	-2.0418332857266
-29.1612531419746	-12.2932038606622
-21.0638453185019	-10.1321755390053
-30.617035030961	-13.3170401713654
-24.6677781710605	-4.45459102548215
-22.4748821159864	-11.6017039709758
-30.5230622652144	2.56869950393692
-23.3877668135784	-9.88225621535563
-7.2198113222483	-32.8184104259873
-25.7532594338425	-0.483412231009108
-29.0954322165506	-3.22048849577968
-26.0467764306188	-12.0394195438557
-26.6071291393724	-1.56607604848353
-23.8265115238852	-7.00553848476246
-24.6682844851327	-7.88092888854287
-31.7715144905149	0.0888924225868895
-29.8711371588207	2.46890915545954
-31.0308620296915	-1.47528596836879
-26.7462506349061	-2.18894181669541
-26.8778596567998	-16.7869783195719
-35.9098676961876	-12.0078175436197
-24.1567719348721	-3.50107429149056
-29.3873262889361	-14.4107158565049
-22.7558106648035	-11.9460398400737
-25.4520845319992	0.688201814968601
-27.5477668520702	-6.69830827214846
-24.0528894838711	-10.7404084480604
-30.911347365942	0.890794861917348
-35.3706243045836	-11.5162700186665
-29.0012337730343	2.75264889223402
-24.0488198334495	-11.1204652819294
-25.1568386240247	-11.8111176843519
-28.4727109711305	0.136896116043435
-31.4229783222171	-8.36219877254798
-28.2349345045885	-14.6668854136298
-10.8222277080921	-24.9247141278764
-31.909260692958	1.91687323185813
-25.3158048507462	-10.3293293642561
-19.9902332637124	-10.2990432979479
-24.3174090479533	-5.99258784728158
-24.7668044550201	-13.4811890854414
-33.6568279557328	-3.31287658065537
-24.1521772872961	-3.75611969026383
-28.9212405317232	-3.41034815479425
-24.519256973992	-9.15088608376447
-27.0379193639856	-9.64343951311935
-37.1617394223142	-7.4769866409899
-31.7288370463466	-13.7379332974864
-27.1503688671932	-4.95028843841619
-30.8275356862211	0.195555609836864
-26.1425636633688	-15.5054389872627
-32.182628758686	-1.44075754025941
-25.3594094442498	-8.29119096182618
-24.853595352427	0.322353250352958
-31.3678785403101	-7.02857046314689
-24.3936447891326	-6.04335028927535
-10.5762390739352	-26.1828666041875
-22.9931169862394	-10.6456681528811
-26.0583644854392	0.211925831768571
-24.3996908157602	-7.22872400203624
-27.4744191378362	-1.1337508503667
-25.8951914684729	-3.98525220342552
-29.3511430734263	-8.6540215083268
-23.273120382225	-12.3171140239835
-36.567574895141	-10.6359002290355
-31.4075595904454	-1.27323802852416
-26.3809497250099	-3.14474710662801
-25.1338568428687	-12.6988784019076
-26.7970458123477	-16.5996545072315
-31.6738899401077	0.793999506666121
-25.5642195216348	-13.3330429414286
-26.3133245148834	-5.81275733280709
-31.1392134934725	0.577949172864774
-28.4533405506879	-5.22135662769599
-25.8134360911455	-8.98774072174112
-22.6518464322417	-11.0281878045139
-26.7486274590353	-4.7658718695729
-21.0075359687283	-9.98530878989405
-26.710558892799	-8.55971736861962
-31.8927199770654	-2.62824443218843
-30.2107166382435	-4.25783976271102
-28.51439456737	0.942180053119912
-28.9402193817306	-14.708087407851
-26.0381629362431	-6.01918433447858
-30.8648840712681	0.264469768296099
-30.6404239164654	1.94482585346608
-33.5124222342861	-3.50594240117307
-27.0114726931571	-9.29129111118785
-28.9140600425471	-6.12928632743296
-29.4828265626902	-5.18936912364484
-26.4022633422796	-8.75881477821105
-24.9703538378784	-8.71341574709085
-30.1467048771528	-4.84024380169214
-26.3948567438409	-15.3034972191272
-21.369327242071	-9.94193806399743
-30.082596956014	-1.44218532932008
-30.6744515893237	2.53412704092054
-32.0254064423979	-6.33467751366268
-37.2761163080818	-7.7813542897536
-21.5721448817584	-12.4528880837838
-34.6212408050433	-4.14284994638663
-26.4860714308013	-0.0768262136057621
-29.9879595475448	-4.81877020272359
-12.6170751747749	-17.8137166067288
-26.5723186747661	1.14178589859824
-28.9037561679423	-12.5548117157658
-22.4394966676416	-9.69384871042498
-29.0974748314509	-10.575053738468
-32.5085696681111	-2.57576885238566
-31.111017727227	-10.2562902659189
-31.6232907064186	-3.30484592682909
-31.6627739282536	-1.86527856228448
-29.1551368808825	-7.66288877242138
-26.7377434935013	-8.33422226115597
-31.3456556365417	-13.9650431800035
-20.1657566920964	-10.1881184408365
-21.7946715639309	-10.7586911715945
-29.6160694957802	0.926176930120906
-31.1164860720916	-8.84670637137756
-32.5148977092048	-6.43405368411939
-34.4270258885665	-6.88750796783305
-28.584075002832	-8.6904849121902
-32.2048269134831	-6.64757262045475
-27.5529007977256	-16.6342204712312
-32.6757242727597	1.32738982242197
-28.7928136164916	-14.3849456388762
-24.7388987210272	-8.9490579062387
-21.6148606641405	-12.6317535532539
-32.0899240214049	-9.53270922156897
-16.5169559753754	33.0092084190149
-28.7393304312885	1.20360148343742
-24.4020014511549	-9.98124466939313
-24.6711552179647	-5.89884092698918
-30.9459167514928	2.69071558509955
8.73916778755353	-38.6874809335879
-31.1121107344257	0.419783049800911
-12.8136418427258	-17.6698464656079
-28.5800316048079	1.10056577830834
-28.9037631371045	-1.56496118092504
-23.0877266229481	-8.4704893803071
-11.6753948264026	-21.2520607636722
-31.9412837721625	-2.2170281500424
-29.7864371509899	2.53134629906603
-31.8440568820053	-7.63178013766994
-25.6649105845738	-9.42575490360406
-36.0709599723394	-5.62136840763769
-33.718784526444	-0.944957295647235
-30.0441979902068	-1.27638513301843
-35.2711272812491	-6.474106466458
-35.2949716428396	-5.47601837984034
-31.5359434279378	-13.7555088658224
-21.6824118808428	-9.24551889492939
-22.5318545267206	-9.5197981808469
-27.7411963802576	-9.24756340504752
-23.6847705962609	-6.61649633668919
-26.6499154664708	-1.88043709156691
-29.3289589660881	-4.86680734911467
-28.6280413167835	-15.5469044973989
-25.4748694942978	0.394847759889532
-29.4033748278908	-5.4206359693194
-28.4014517345942	-15.868922034123
-34.6167337398645	-4.59983862879349
-31.1629157136623	-8.69340119928195
-29.2683631926713	-10.4796234853753
-31.343126864299	-9.49559218855502
-33.2696968412671	-7.09350470869676
-33.5936599369621	-7.26651891806298
-35.0311454234915	-4.7534080067449
-26.7139279897391	-4.42764827416638
-30.9950223440784	-9.78870255132023
-35.9482359152593	-6.51402034302431
15.2461720249875	-30.4729764599018
-27.1335356832093	-9.59975363726941
-31.6746132975555	-8.33925610581192
-33.0026741845117	-8.89673954598443
-32.016732116595	-6.35510785350783
-28.5358383783587	-3.5952460001601
-35.6166135407036	-4.5684331134054
-35.9612365550842	-6.14798518859271
-25.5800999171443	-8.91692729663943
-30.9869857221164	-8.59553998723964
-25.5047677302187	-13.3647579152793
